"id","name","protocol","icon","tags","mainnet","testnet"
"TERRASWAP_ASSET_LIMIT_ORDER","Assert Limit Order","Terraswap","https://whitelist.mirror.finance/icon/terraswap.png",,"terra1vs9jr7pxuqwct3j29lez3pfetuu8xmq7tk3lzk",
"TERRASWAP_ROUTE_SWAP","Route Swap","Terraswap","https://whitelist.mirror.finance/icon/terraswap.png",,"terra19qx5xe6q9ll4w0890ux7lv2p4mf3csd4qvt3ex",
"TERRASWAP_TOKENFACTORY","TokenFactory","Terraswap","https://whitelist.mirror.finance/icon/terraswap.png",,"terra1ulgw0td86nvs4wtpsc80thv6xelk76ut7a7apj","terra18qpjm4zkvqnpjpw0zn0tdr8gdzvt8au35v45xf"
"TERRASWAP_ALTE-UST_PAIR","ALTE-UST Pair","Terraswap","https://raw.githubusercontent.com/etfinder/assets/master/extra/icon/60/ALTE60.png","Altered","terra18adm0emn6j3pnc90ldechhun62y898xrdmfgfz",
"TERRASWAP_ALTE-UST_LP","ALTE-UST LP","Terraswap","https://raw.githubusercontent.com/etfinder/assets/master/extra/icon/60/ALTE60.png","Altered","terra1x3musrr03tl3dy9xhagm6r5nthwwxgx0hezc79",
"TERRASWAP_MIR-UST_PAIR","MIR-UST Pair","Terraswap","https://whitelist.mirror.finance/icon/MIR.png","Mirror,whitelist","terra1amv303y8kzxuegvurh0gug2xe9wkgj65enq2ux","terra1cz6qp8lfwht83fh9xm9n94kj04qc35ulga5dl0"
"TERRASWAP_MIR-UST_LP","MIR-UST LP","Terraswap","https://whitelist.mirror.finance/icon/MIR.png","Mirror","terra17gjf2zehfvnyjtdgua9p9ygquk6gukxe7ucgwh","terra1zrryfhlrpg49quz37u90ck6f396l4xdjs5s08j"
"TERRASWAP_MAAPL-UST_PAIR","mAAPL-UST Pair","Terraswap","https://whitelist.mirror.finance/icon/AAPL.png","Mirror,whitelist","terra1774f8rwx76k7ruy0gqnzq25wh7lmd72eg6eqp5","terra1yj892rl8edvk0y2ayf3h36t6uf89lzxg8jea4a"
"TERRASWAP_MAAPL-UST_LP","mAAPL-UST LP","Terraswap","https://whitelist.mirror.finance/icon/AAPL.png","Mirror","terra122asauhmv083p02rhgyp7jn7kmjjm4ksexjnks","terra1vth958fsn8zawllaqcdzswksjkv3dz2sqqmcu4"
"TERRASWAP_MGOOGL-UST_PAIR","mGOOGL-UST Pair","Terraswap","https://whitelist.mirror.finance/icon/GOOGL.png","Mirror,whitelist","terra1u56eamzkwzpm696hae4kl92jm6xxztar9uhkea","terra1z2734asgwhma8ma2fq4yu7ce2l3mrvj4qnz6ws"
"TERRASWAP_MGOOGL-UST_LP","mGOOGL-UST LP","Terraswap","https://whitelist.mirror.finance/icon/GOOGL.png","Mirror","terra1falkl6jy4087h4z567y2l59defm9acmwcs70ts","terra1qxurxcgl30eu4ar34ltr5e9tqc2gjl4atspvy3"
"TERRASWAP_MHOOD-UST_PAIR","mHOOD-UST Pair","Terraswap","https://whitelist.mirror.finance/icon/HOOD.png","Mirror,whitelist","terra1lr6rglgd50xxzqe6l5axaqp9d5ae3xf69z3qna",
"TERRASWAP_MHOOD-UST_LP","mHOOD-UST LP","Terraswap","https://whitelist.mirror.finance/icon/HOOD.png","Mirror","terra1s0dgcsdy9kgunnf3gnwl40uwy9rxtmc39mhy2m",
"TERRASWAP_MTSLA-UST_PAIR","mTSLA-UST Pair","Terraswap","https://whitelist.mirror.finance/icon/TSLA.png","Mirror,whitelist","terra1pdxyk2gkykaraynmrgjfq2uu7r9pf5v8x7k4xk","terra1tsln42kfeq8edwscmw8njgter5dp8evn40znn9"
"TERRASWAP_MTSLA-UST_LP","mTSLA-UST LP","Terraswap","https://whitelist.mirror.finance/icon/TSLA.png","Mirror","terra1ygazp9w7tx64rkx5wmevszu38y5cpg6h3fk86e","terra1utf7qw0uce42vqsh255hxgd3pvuzfvp6jcayk5"
"TERRASWAP_MNFLX-UST_PAIR","mNFLX-UST Pair","Terraswap","https://whitelist.mirror.finance/icon/NFLX.png","Mirror,whitelist","terra1yppvuda72pvmxd727knemvzsuergtslj486rdq","terra18yl0z6wntjkustt9cckc9ptp7l5qh7kr0xrmav"
"TERRASWAP_MNFLX-UST_LP","mNFLX-UST LP","Terraswap","https://whitelist.mirror.finance/icon/NFLX.png","Mirror","terra1mwu3cqzvhygqg7vrsa6kfstgg9d6yzkgs6yy3t","terra1e0njrqcsehxpt9due62x9zsxl7h9htl0xqdujv"
"TERRASWAP_MQQQ-UST_PAIR","mQQQ-UST Pair","Terraswap","https://whitelist.mirror.finance/icon/QQQ.png","Mirror,whitelist","terra1dkc8075nv34k2fu6xn6wcgrqlewup2qtkr4ymu","terra1epxv8z6tzxezjfgw7tveytw5n3fuf6wvg6w8f5"
"TERRASWAP_MQQQ-UST_LP","mQQQ-UST LP","Terraswap","https://whitelist.mirror.finance/icon/QQQ.png","Mirror","terra16j09nh806vaql0wujw8ktmvdj7ph8h09ltjs2r","terra1h52zc9qmndczgru9vp2cvuwfclyykl5yt3qjk8"
"TERRASWAP_MTWTR-UST_PAIR","mTWTR-UST Pair","Terraswap","https://whitelist.mirror.finance/icon/TWTR.png","Mirror,whitelist","terra1ea9js3y4l7vy0h46k4e5r5ykkk08zc3fx7v4t8","terra1jv937296dy5c5dxglrzf05h0jlaaxp55tqlyh6"
"TERRASWAP_MTWTR-UST_LP","mTWTR-UST LP","Terraswap","https://whitelist.mirror.finance/icon/TWTR.png","Mirror","terra1fc5a5gsxatjey9syq93c2n3xq90n06t60nkj6l","terra10cugucjwn4hdtvavl0n2sh2ke64nx93luhj49k"
"TERRASWAP_MMSFT-UST_PAIR","mMSFT-UST Pair","Terraswap","https://whitelist.mirror.finance/icon/MSFT.png","Mirror,whitelist","terra10ypv4vq67ns54t5ur3krkx37th7j58paev0qhd","terra1dt7ne6gwv23wg6chl89q95yj6999alagc6rqd9"
"TERRASWAP_MMSFT-UST_LP","mMSFT-UST LP","Terraswap","https://whitelist.mirror.finance/icon/MSFT.png","Mirror","terra14uaqudeylx6tegamqmygh85lfq8qg2jmg7uucc","terra1f7azmktepw5rq35e2m6r6smtwl8wdrxp0dsvar"
"TERRASWAP_MAMZN-UST_PAIR","mAMZN-UST Pair","Terraswap","https://whitelist.mirror.finance/icon/AMZN.png","Mirror,whitelist","terra1vkvmvnmex90wanque26mjvay2mdtf0rz57fm6d","terra1xs3vy9zs8agmnzyn7z9s7kqk392uu2h3x3l6er"
"TERRASWAP_MAMZN-UST_LP","mAMZN-UST LP","Terraswap","https://whitelist.mirror.finance/icon/AMZN.png","Mirror","terra1q7m2qsj3nzlz5ng25z5q5w5qcqldclfe3ljup9","terra1kgvcrtupc8y4dgc9n08ud99ckdxp08j59zgccf"
"TERRASWAP_MBABA-UST_PAIR","mBABA-UST Pair","Terraswap","https://whitelist.mirror.finance/icon/BABA.png","Mirror,whitelist","terra1afdz4l9vsqddwmjqxmel99atu4rwscpfjm4yfp","terra15qq59h2canrr2pf8ny7rw57nx3mcvw97tp3xj4"
"TERRASWAP_MBABA-UST_LP","mBABA-UST LP","Terraswap","https://whitelist.mirror.finance/icon/BABA.png","Mirror","terra1stfeev27wdf7er2uja34gsmrv58yv397dlxmyn","terra1px2ya3e07aprfgc76e57r3nuvy3czssrvcxg9t"
"TERRASWAP_MIAU-UST_DELISTED_PAIR","mIAU (Delisted)-UST Pair","Terraswap","https://whitelist.mirror.finance/icon/IAU.png","Mirror","terra1q2cg4sauyedt8syvarc8hcajw6u94ah40yp342","terra1tq6w7rl4ryrk458k57dstelx54eylph5zwnpf9"
"TERRASWAP_MIAU-UST_DELISTED_LP","mIAU (Delisted)-UST LP","Terraswap","https://whitelist.mirror.finance/icon/IAU.png","Mirror","terra1jl4vkz3fllvj6fchnj2trrm9argtqxq6335ews","terra193c2xvuzswct8qtsg4e6qhe3hyt3l6fac9cy79"
"TERRASWAP_MIAU-UST_PAIR","mIAU-UST Pair","Terraswap","https://whitelist.mirror.finance/icon/IAU.png","Mirror,whitelist","terra15kkctr4eug9txq7v6ks6026yd4zjkrm3mc0nkp","terra1rtz5mn38pnj924nr97yzax4g849qj4d4m8r7wk"
"TERRASWAP_MIAU-UST_LP","mIAU-UST LP","Terraswap","https://whitelist.mirror.finance/icon/IAU.png","Mirror","terra1ndlx5ndkknvmgj6s5ggmdlhjjsz0w6wrnwn5cf","terra1wj8cm3h7fe369nl8j4ddukesfuy9l3hr4hjw22"
"TERRASWAP_MSLV-UST_PAIR","mSLV-UST Pair","Terraswap","https://whitelist.mirror.finance/icon/SLV.png","Mirror,whitelist","terra1f6d9mhrsl5t6yxqnr4rgfusjlt3gfwxdveeyuy","terra1tyzsl0dw4pltlqey5v6g646hm22pql8vy3yh2g"
"TERRASWAP_MSLV-UST_LP","mSLV-UST LP","Terraswap","https://whitelist.mirror.finance/icon/SLV.png","Mirror","terra178cf7xf4r9d3z03tj3pftewmhx0x2p77s0k6yh","terra16cn5cgwaktrzczda0c6ux0e2quudh4vn3t8jjm"
"TERRASWAP_MUSO-UST_PAIR","mUSO-UST Pair","Terraswap","https://whitelist.mirror.finance/icon/USO.png","Mirror,whitelist","terra1zey9knmvs2frfrjnf4cfv4prc4ts3mrsefstrj","terra1llk7ycwwlj2zs2l2dvnvmsxrsrnucqwaltstcf"
"TERRASWAP_MUSO-UST_LP","mUSO-UST LP","Terraswap","https://whitelist.mirror.finance/icon/USO.png","Mirror","terra1utf3tm35qk6fkft7ltcnscwml737vfz7xghwn5","terra1rag9w5ch0jrdxjffr6napqz0zsrpm6uz2zezmj"
"TERRASWAP_MVIXY-UST_DELISTED_PAIR","mVIXY (Delisted)-UST Pair","Terraswap","https://whitelist.mirror.finance/icon/VIXY.png","Mirror","terra1yngadscckdtd68nzw5r5va36jccjmmasm7klpp","terra1xg2393l4s7n4z2r0cnu4rr55mkpp942f4d3qzr"
"TERRASWAP_MVIXY-UST_DELISTED_LP","mVIXY (Delisted)-UST LP","Terraswap","https://whitelist.mirror.finance/icon/VIXY.png","Mirror","terra1cmrl4txa7cwd7cygpp4yzu7xu8g7c772els2y8","terra1ud750vcv39hd467sj2kk6s6nn8zf5xhgggf7uq"
"TERRASWAP_MVIXY-UST_PAIR","mVIXY-UST Pair","Terraswap","https://whitelist.mirror.finance/icon/VIXY.png","Mirror,whitelist","terra1krny2jc0tpkzeqfmswm7ss8smtddxqm3mxxsjm","terra1tfkksph7p9qkean66kc87u2kalu0pw9um9ep2y"
"TERRASWAP_MVIXY-UST_LP","mVIXY-UST LP","Terraswap","https://whitelist.mirror.finance/icon/VIXY.png","Mirror","terra1ekd58y58vq4gmxlzpc27dwuhw7wmms928ftuep","terra1h9zrywpukj2wvu5dfsm7tcxk8mwzzyrxenshsn"
"TERRASWAP_MABNB-UST_PAIR","mABNB-UST Pair","Terraswap","https://whitelist.mirror.finance/icon/ABNB.png","Mirror,whitelist","terra1gq7lq389w4dxqtkxj03wp0fvz0cemj0ek5wwmm","terra13009wwv5flguch7kmwcgq8zz4r7asam3vmxkn6"
"TERRASWAP_MABNB-UST_LP","mABNB-UST LP","Terraswap","https://whitelist.mirror.finance/icon/ABNB.png","Mirror","terra1jmauv302lfvpdfau5nhzy06q0j2f9te4hy2d07","terra1d7xlu53sx9anwdqvxeya0tmhr7xzepd9agyvft"
"TERRASWAP_MBTC-UST_PAIR","mBTC-UST Pair","Terraswap","https://whitelist.mirror.finance/icon/BTC.png","Mirror,whitelist","terra1prfcyujt9nsn5kfj5n925sfd737r2n8tk5lmpv","terra134jl4dt20mqfryhnmhauryr754vuw7990jdell"
"TERRASWAP_MBTC-UST_LP","mBTC-UST LP","Terraswap","https://whitelist.mirror.finance/icon/BTC.png","Mirror","terra1d34edutzwcz6jgecgk26mpyynqh74j3emdsnq5","terra186m890y8hzhyhp8emgsy2a8jqvsgluznc688xf"
"TERRASWAP_METH-UST_PAIR","mETH-UST Pair","Terraswap","https://whitelist.mirror.finance/icon/ETH.png","Mirror,whitelist","terra14fyt2g3umeatsr4j4g2rs8ca0jceu3k0mcs7ry","terra1j4urgdl38ezrrs59fn403cxgr34u3yd0tv4ypn"
"TERRASWAP_METH-UST_LP","mETH-UST LP","Terraswap","https://whitelist.mirror.finance/icon/ETH.png","Mirror","terra16auz7uhnuxrj2dzrynz2elthx5zpps5gs6tyln","terra1lgxdj5wag4ug7le6arda5pd7z9xlpstgc2ue8t"
"TERRASWAP_MFB-UST_PAIR","mFB-UST Pair","Terraswap","https://whitelist.mirror.finance/icon/FB.png","Mirror,whitelist","terra1yl2atgxw422qxahm02p364wtgu7gmeya237pcs","terra19jp7wqla5qrdusrcqest6rrc33wyvs0fumwd7v"
"TERRASWAP_MFB-UST_LP","mFB-UST LP","Terraswap","https://whitelist.mirror.finance/icon/FB.png","Mirror","terra1jh2dh4g65hptsrwjv53nhsnkwlw8jdrxaxrca0","terra1l8c87av89cczj20mguxy0hmp6k6hesr0yjthkm"
"TERRASWAP_MGS-UST_PAIR","mGS-UST Pair","Terraswap","https://whitelist.mirror.finance/icon/GS.png","Mirror,whitelist","terra108ukjf6ekezuc52t9keernlqxtmzpj4wf7rx0h","terra1h73gdv74gw03gc5rfyc0y6s8advl9y2453zgcw"
"TERRASWAP_MGS-UST_LP","mGS-UST LP","Terraswap","https://whitelist.mirror.finance/icon/GS.png","Mirror","terra17smg3rl9vdpawwpe7ex4ea4xm6q038gp2chge5","terra1xwk2x2pyrhlshjgnlv3ql5q8r8r8vyrdf6u2mj"
"TERRASWAP_MGME-UST_PAIR","mGME-UST Pair","Terraswap","https://whitelist.mirror.finance/icon/GME.png","Mirror,whitelist","terra17eakdtane6d2y7y6v0s79drq7gnhzqan48kxw7","terra1q9qtdudqasdcgqmklw2hsnju09zcjhrhr8ntsa"
"TERRASWAP_MGME-UST_LP","mGME-UST LP","Terraswap","https://whitelist.mirror.finance/icon/GME.png","Mirror","terra1azk43zydh3sdxelg3h4csv4a4uef7fmjy0hu20","terra1kkpe6has6g55nhyqp6vkw0wk8z3u3nq6fz6znc"
"TERRASWAP_MAMC-UST_PAIR","mAMC-UST Pair","Terraswap","https://whitelist.mirror.finance/icon/AMC.png","Mirror,whitelist","terra1uenpalqlmfaf4efgtqsvzpa3gh898d9h2a232g","terra1nvevc6ff7vlmrd50ucuefa95xd2gzmy6lugqsm"
"TERRASWAP_MAMC-UST_LP","mAMC-UST LP","Terraswap","https://whitelist.mirror.finance/icon/AMC.png","Mirror","terra1mtvslkm2tgsmh908dsfksnqu7r7lulh24a6knv","terra1d8mk480l4sp3j095apcpqckrxyxqrsq6zapfzy"
"TERRASWAP_MSPY-UST_PAIR","mSPY-UST Pair","Terraswap","https://whitelist.mirror.finance/icon/SPY.png","Mirror,whitelist","terra14hklnm2ssaexjwkcfhyyyzvpmhpwx6x6lpy39s","terra10q4qsd2sfl4wc6nv0d77zud4ur40ygf5602pzd"
"TERRASWAP_MSPY-UST_LP","mSPY-UST LP","Terraswap","https://whitelist.mirror.finance/icon/SPY.png","Mirror","terra1jqqegd35rg2gjde54adpj3t6ecu0khfeaarzy9","terra1pef9fz8lkqajzuwp6ff6t33s86ndpkm3728cgc"
"TERRASWAP_MCOIN-UST_PAIR","mCOIN-UST Pair","Terraswap","https://whitelist.mirror.finance/icon/COIN.png","Mirror,whitelist","terra1h7t2yq00rxs8a78nyrnhlvp0ewu8vnfnx5efsl","terra13qzses7zpsyrufx38h0kc3p87523cjgwmenj44"
"TERRASWAP_MCOIN-UST_LP","mCOIN-UST LP","Terraswap","https://whitelist.mirror.finance/icon/COIN.png","Mirror","terra1ktckr8v7judrr6wkwv476pwsv8mht0zqzw2t0h","terra1gdglgpm84pdzuedc924wurhsqd0vs4nv4tpmh8"
"TERRASWAP_MGLXY-UST_PAIR","mGLXY-UST Pair","Terraswap","https://whitelist.mirror.finance/icon/GLXY.png","Mirror,whitelist","terra1ze5f2lm5clq2cdd9y2ve3lglfrq6ap8cqncld8",
"TERRASWAP_MGLXY-UST_LP","mGLXY-UST LP","Terraswap","https://whitelist.mirror.finance/icon/GLXY.png","Mirror","terra1pjgzke6h5v4nz978z3a92gqajwhn8yyh5kv4zv",
"TERRASWAP_MAMD-UST_PAIR","mAMD-UST Pair","Terraswap","https://whitelist.mirror.finance/icon/AMD.png","Mirror,whitelist","terra18cxcwv0theanknfztzww8ft9pzfgkmf2xrqy23","terra12q2ehzn8jah7mfez9d0f7ztsu3vdf0g3mxzztq"
"TERRASWAP_MAMD-UST_LP","mAMD-UST LP","Terraswap","https://whitelist.mirror.finance/icon/AMD.png","Mirror","terra1m8mr9u3su46ezxwf7z7xnvm0jsapl2jd8vgefh","terra1lu2eg3hghmkd0s5jdsnr24mg5cremf0e8dpz4l"
"TERRASWAP_MDOT-UST_PAIR","mDOT-UST Pair","Terraswap","https://whitelist.mirror.finance/icon/DOT.png","Mirror,whitelist","terra17rvtq0mjagh37kcmm4lmpz95ukxwhcrrltgnvc","terra1722gzus7s6prj24wnzsqfkn0t8k7hc4p847tlw"
"TERRASWAP_MDOT-UST_LP","mDOT-UST LP","Terraswap","https://whitelist.mirror.finance/icon/DOT.png","Mirror","terra1p60datmmf25wgssguv65ltds3z6ea3me74nm2e","terra1xrjygqshp9shcgfm4vj89mezxev36fk4na3ft2"
"TERRASWAP_MSQ-UST_PAIR","mSQ-UST Pair","Terraswap","https://whitelist.mirror.finance/icon/SQ.png","Mirror,whitelist","terra1u3pknaazmmudfwxsclcfg3zy74s3zd3anc5m52","terra1znqeqnumtmpwgdltfw72v2298m3lrg7m447f2q"
"TERRASWAP_MSQ-UST_LP","mSQ-UST LP","Terraswap","https://whitelist.mirror.finance/icon/SQ.png","Mirror","terra1mv3pgkzs4krcennqj442jscg6jv84cejrs50n2","terra1d6l7vk5ktugx9qm6nmtd2hv7kleg9xqce0ncps"
"TERRASWAP_MARKK-UST_PAIR","mARKK-UST Pair","Terraswap","https://whitelist.mirror.finance/icon/ARKK.png","Mirror,whitelist","terra1a5cc08jt5knh0yx64pg6dtym4c4l8t63rhlag3","terra1t3xljlc82tmc0xjpfcrnu44phg2s4mt5rt3llm"
"TERRASWAP_MARKK-UST_LP","mARKK-UST LP","Terraswap","https://whitelist.mirror.finance/icon/ARKK.png","Mirror","terra1veqh8yc55mhw0ttjr5h6g9a6r9nylmrc0nzhr7","terra1plwkt2fj8n9xkfdp9z6f5sp6r63vx2s22mznls"
"TERRASWAP_LUNA-KRT_PAIR","LUNA-KRT Pair","Terraswap","https://assets.terra.money/icon/60/KRT.png",,"terra1zw0kfxrxgrs5l087mjm79hcmj3y8z6tljuhpmc","terra1rfzwcdhhu502xws6r5pxw4hx8c6vms772d6vyu"
"TERRASWAP_LUNA-KRT_LP","LUNA-KRT LP","Terraswap","https://assets.terra.money/icon/60/KRT.png",,"terra12dnl585uxzddjw9hw4ca694f054shgpg93cg90","terra1k5rz6hh83zdufxgca22r0tygtdp8kx07g3yqs7"
"TERRASWAP_LUNA-MNT_PAIR","LUNA-MNT Pair","Terraswap","https://assets.terra.money/icon/60/MNT.png",,"terra1sndgzq62wp23mv20ndr4sxg6k8xcsudsy87uph","terra18x2ld35r4vn5rlygjzpjenyh2rfmvqgqk9lrnn"
"TERRASWAP_LUNA-MNT_LP","LUNA-MNT LP","Terraswap","https://assets.terra.money/icon/60/MNT.png",,"terra1xqeym28j9xgv0p93pwwt6qcxf9tdvf9ztfxf0w","terra1yuht5ghy0vfcqewyhttmfn4n5am7k05akzetu5"
"TERRASWAP_LUNA-SDT_PAIR","LUNA-SDT Pair","Terraswap","https://assets.terra.money/icon/60/SDT.png",,"terra1vs2vuks65rq7xj78mwtvn7vvnm2gn7adjlr002","terra1dmrn07plsrr8p7qqq6dmue8ydw0smxfza6f8sc"
"TERRASWAP_LUNA-SDT_LP","LUNA-SDT LP","Terraswap","https://assets.terra.money/icon/60/SDT.png",,"terra1mljg7dvzknqh3gc62emagf7hwxxg8efemennp8","terra1vgj59typ39hvgewy824g3uf42fjeegvd4fcsqy"
"TERRASWAP_LUNA-UST_PAIR","LUNA-UST Pair","Terraswap","https://assets.terra.money/icon/60/UST.png",,"terra1tndcaqxkpc5ce9qee5ggqf430mr2z3pefe5wj6","terra156v8s539wtz0sjpn8y8a8lfg8fhmwa7fy22aff"
"TERRASWAP_LUNA-UST_LP","LUNA-UST LP","Terraswap","https://assets.terra.money/icon/60/UST.png",,"terra17dkr9rnmtmu7x4azrpupukvur2crnptyfvsrvr","terra1srf30cs8ax73y59gm64lkztnx0zexl8fpv3kx2"
"TERRASWAP_MINE-UST_PAIR","MINE-UST Pair","Terraswap","https://finder.extraterrestrial.money/images/PYL100.png","Pylon,whitelist","terra178jydtjvj4gw8earkgnqc80c3hrmqj4kw2welz","terra1n2xmlwqpp942nfqq2muxn0u0mqk3sylekdpqfv"
"TERRASWAP_MINE-UST_LP","MINE-UST LP","Terraswap","https://finder.extraterrestrial.money/images/PYL100.png","Pylon","terra1rqkyau9hanxtn63mjrdfhpnkpddztv3qav0tq2",
"TERRASWAP_LOTA-UST_PAIR","LOTA-UST Pair","Terraswap","https://loterra.io/LOTA.png","LoTerra,whitelist","terra1pn20mcwnmeyxf68vpt3cyel3n57qm9mp289jta","terra1fh2je8z4gajnvfm6xd80hqc3cpga0gsl396rls"
"TERRASWAP_LOTA-UST_LP","LOTA-UST LP","Terraswap","https://loterra.io/LOTA.png","LoTerra","terra1t4xype7nzjxrzttuwuyh9sglwaaeszr8l78u6e",
"TERRASWAP_STT-UST_PAIR","STT-UST Pair","Terraswap","https://starterra.io/assets/100x100_starterra.png","StarTerra,whitelist","terra19pg6d7rrndg4z4t0jhcd7z9nhl3p5ygqttxjll","terra1ad6frc2e65w5a2nc78xr9e7f9dlkjt9h39r5qn"
"TERRASWAP_STT-UST_LP","STT-UST LP","Terraswap","https://starterra.io/assets/100x100_starterra.png","StarTerra","terra1uwhf02zuaw7grj6gjs7pxt5vuwm79y87ct5p70",
"ANCHOR_GOVERNANCE","Governance","Anchor","https://whitelist.anchorprotocol.com/logo/ANC.png",,"terra1f32xyep306hhcxxxf7mlyh0ucggc00rm2s9da5","terra16ckeuu7c6ggu52a8se005mg5c0kd2kmuun63cu"
"MARS_MARS_TOKEN","Mars Token","Mars","https://marsprotocol.io/mars_logo_colored.svg","Mars","terra1a7zxk56c72elupp7p44hn4k94fsvavnhylhr6h",
"MIRROR_FACTORY","Factory","Mirror","https://whitelist.mirror.finance/icon/MIR.png","Mirror","terra1mzj9nsxx0lxlaxnekleqdy8xnyw2qrh3uz6h8p","terra10l9xc9eyrpxd5tqjgy6uxrw7dd9cv897cw8wdr"
"MIRROR_GOVERNANCE","Governance","Mirror",,"Mirror","terra1wh39swv7nq36pnefnupttm2nr96kz7jjddyt2x","terra12r5ghc6ppewcdcs3hkewrz24ey6xl7mmpk478s"
"MIRROR_ORACLE","Oracle","Mirror","https://whitelist.mirror.finance/icon/MIR.png","Mirror","terra1t6xe0txzywdg85n6k8c960cuwgh6l8esw6lau9","terra1uvxhec74deupp47enh7z5pk55f3cvcz8nj4ww9"
"MIRROR_MINT","Mint","Mirror","https://whitelist.mirror.finance/icon/MIR.png","Mirror","terra1wfz7h3aqf4cjmjcvc6s8lxdhh7k30nkczyf0mj","terra1s9ehcjv0dqj2gsl72xrpp0ga5fql7fj7y3kq3w"
"MIRROR_MIRROR_STAKING","Mirror Staking","Mirror","https://whitelist.mirror.finance/icon/MIR.png","Mirror","terra17f7zu97865jmknk7p2glqvxzhduk78772ezac5","terra1a06dgl27rhujjphsn4drl242ufws267qxypptx"
"MIRROR_COLLECTOR","Collector","Mirror","https://whitelist.mirror.finance/icon/MIR.png","Mirror","terra1s4fllut0e6vw0k3fxsg4fs6fm2ad6hn0prqp3s","terra1v046ktavwzlyct5gh8ls767fh7hc4gxc95grxy"
"MIRROR_COMMUNITY","Community","Mirror","https://whitelist.mirror.finance/icon/MIR.png","Mirror","terra1x35fvy3sy47drd3qs288sm47fjzjnksuwpyl9k","terra10qm80sfht0zhh3gaeej7sd4f92tswc44fn000q"
"MIRROR_AIRDROP","Airdrop","Mirror","https://whitelist.mirror.finance/icon/MIR.png","Mirror","terra1kalp2knjm4cs3f59ukr4hdhuuncp648eqrgshw","terra1p6nvyw7vz3fgpy4nyh3q3vc09e65sr97ejxn2p"
"MIRROR_LIMIT_ORDER","Limit Order","Mirror","https://whitelist.mirror.finance/icon/MIR.png","Mirror","terra1zpr8tq3ts96mthcdkukmqq4y9lhw0ycevsnw89","terra1vc4ch0z3n6c23f9uywzy5yqaj2gmpnam8qgge7"
"MIRROR_MIR_TOKEN","Mirror Token","Mirror","https://whitelist.mirror.finance/icon/MIR.png","Mirror","terra15gwkyepfc6xgca5t5zefzwy42uts8l2m4g40k6","terra10llyp6v3j3her8u3ce66ragytu45kcmd9asj3u"
"TERRASWAP_ANC-UST_PAIR","ANC-UST Pair","Terraswap","https://whitelist.anchorprotocol.com/logo/ANC.png","Anchor,whitelist","terra1gm5p3ner9x9xpwugn9sp6gvhd0lwrtkyrecdn3","terra1wfvczps2865j0awnurk9m04u7wdmd6qv3fdnvz"
"TERRASWAP_ANC-UST_LP","ANC-UST LP","Terraswap","https://whitelist.anchorprotocol.com/logo/ANC.png","Anchor","terra1gecs98vcuktyfkrve9czrpgtg0m3aq586x6gzm","terra1vg0qyq92ky9z9dp0j9fv5rmr2s80sg605dah6f"
"TERRASWAP_BETH-UST_PAIR","bETH-UST Pair","Terraswap","https://whitelist.anchorprotocol.com/logo/bETH.png","Anchor,whitelist","terra1c0afrdc5253tkp5wt7rxhuj42xwyf2lcre0s7c",
"TERRASWAP_BETH-UST_LP","bETH-UST LP","Terraswap","https://whitelist.anchorprotocol.com/logo/bETH.png","Anchor","terra1jvewsf7922dm47wr872crumps7ktxd7srwcgte",
"TERRASWAP_BETH-METH_PAIR","bETH-mETH Pair","Terraswap","https://whitelist.anchorprotocol.com/logo/bETH.png","Anchor,whitelist","terra1c5swgtnuunpf75klq5uztynurazuwqf0mmmcyy",
"TERRASWAP_BETH-METH_LP","bETH-mETH LP","Terraswap","https://whitelist.anchorprotocol.com/logo/bETH.png","Anchor","terra1l8jgxd9uv430rdt2u58h4h7kdfxsle4w6w2ecq",
"TERRASWAP_BLUNA-LUNA_LP","bLUNA-LUNA LP","Terraswap","https://whitelist.anchorprotocol.com/logo/ANC.png","Anchor","terra1nuy34nwnsh53ygpc4xprlj263cztw7vc99leh2","terra1tj4pavqjqjfm0wh73sh7yy9m4uq3m2cpmgva6n"
"TERRASWAP_BLUNA-LUNA_PAIR","bLUNA-LUNA Pair","Terraswap","https://whitelist.anchorprotocol.com/logo/ANC.png","Anchor,whitelist","terra1jxazgm67et0ce260kvrpfv50acuushpjsz2y0p",
"TERRASWAP_SPEC-UST_PAIR","SPEC-UST Pair","Terraswap","https://finder.extraterrestrial.money/images/SPEC100.png","Spectrum,whitelist","terra1tn8ejzw8kpuc87nu42f6qeyen4c7qy35tl8t20","terra15cjce08zcmempedxwtce2y44y2ayup8gww3txr"
"TERRASWAP_SPEC-UST_LP","SPEC-UST LP","Terraswap","https://finder.extraterrestrial.money/images/SPEC100.png","Spectrum","terra1y9kxxm97vu4ex3uy0rgdr5h2vt7aze5sqx7jyl","terra1ntt4mdhr9lukayenntgltqppw4yy6hts7wr67d"
"TERRASWAP_TWD-UST_PAIR","TWD-UST Pair","Terraswap","https://finder.extraterrestrial.money/images/TWD100.png","Terraworld,whitelist","terra1etdkg9p0fkl8zal6ecp98kypd32q8k3ryced9d","terra1nw52fgdnwaz6z3u3sq6ppwfch6xemv4adj4lae"
"TERRASWAP_TWD-UST_LP","TWD-UST LP","Terraswap","https://finder.extraterrestrial.money/images/TWD100.png","Terraworld","terra1c9wr85y8p8989tr58flz5gjkqp8q2r6murwpm9","terra13nk8c294r8ssqpvfdhhastpgu9a3ly2stypn9a"
"ANCHOR_BLUNA_HUB","bLuna Hub","Anchor","https://whitelist.anchorprotocol.com/logo/bLUNA.png","Anchor","terra1mtwph2juhj0rvjz7dy92gvl6xvukaxu8rfv8ts","terra1fflas6wv4snv8lsda9knvq2w0cyt493r8puh2e"
"ANCHOR_BLUNA_REWARD","bLuna Reward","Anchor","https://whitelist.anchorprotocol.com/logo/bLUNA.png","Anchor","terra17yap3mhph35pcwvhza38c2lkj7gzywzy05h7l0","terra1ac24j6pdxh53czqyrkr6ygphdeftg7u3958tl2"
"ANCHOR_BLUNA_AIRDROP_REGISTRY","bLuna Airdrop Registry","Anchor","https://whitelist.anchorprotocol.com/logo/bLUNA.png","Anchor","terra199t7hg7w5vymehhg834r6799pju2q3a0ya7ae9","terra1334h20c9ewxguw9p9vdxzmr8994qj4qu77ux6q"
"ANCHOR_AIRDROP","Anchor Airdrop","Anchor",,"Anchor","terra146ahqn6d3qgdvmj8cj96hh03dzmeedhsf0kxqm","terra1u5ywhlve3wugzqslqvm8ks2j0nsvrqjx0mgxpk"
"ANCHOR_OVERSEER","Overseer","Anchor","https://whitelist.anchorprotocol.com/logo/ANC.png","Anchor","terra1tmnqgvg567ypvsvk6rwsga3srp7e3lg6u0elp8","terra1qljxd0y3j3gk97025qvl3lgq8ygup4gsksvaxv"
"ANCHOR_MARKET","Market","Anchor","https://whitelist.anchorprotocol.com/logo/ANC.png","Anchor","terra1sepfj7s0aeg5967uxnfk4thzlerrsktkpelm5s","terra15dwd5mj8v59wpj0wvt233mf5efdff808c5tkal"
"ANCHOR_BLUNA_CUSTODY","bLuna Custody","Anchor","https://whitelist.anchorprotocol.com/logo/ANC.png","Anchor","terra1ptjp2vfjrwh0j0faj9r6katm640kgjxnwwq9kn","terra1ltnkx0mv7lf2rca9f8w740ashu93ujughy4s7p"
"ANCHOR_BETH_CUSTODY","bETH Custody","Anchor","https://whitelist.anchorprotocol.com/logo/ANC.png","Anchor","terra10cxuzggyvvv44magvrh3thpdnk9cmlgk93gmx2","terra1j6fey5tl70k9fvrv7mea7ahfr8u2yv7l23w5e6"
"ANCHOR_INTEREST_MODEL","Interest Model","Anchor","https://whitelist.anchorprotocol.com/logo/ANC.png","Anchor","terra1kq8zzq5hufas9t0kjsjc62t2kucfnx8txf547n","terra1m25aqupscdw2kw4tnq5ql6hexgr34mr76azh5x"
"ANCHOR_DISTRIBUTION_MODEL","Distribution Model","Anchor","https://whitelist.anchorprotocol.com/logo/ANC.png","Anchor","terra14mufqpr5mevdfn92p4jchpkxp7xr46uyknqjwq","terra1u64cezah94sq3ye8y0ung28x3pxc37tv8fth7h"
"ANCHOR_PRICE_ORACLE","Price Oracle","Anchor","https://whitelist.anchorprotocol.com/logo/ANC.png","Anchor","terra1cgg6yef7qcdm070qftghfulaxmllgmvk77nc7t","terra1p4gg3p2ue6qy2qfuxtrmgv2ec3f4jmgqtazum8"
"ANCHOR_LIQUIDATION_CONTRACT_OLD","Liquidation Contract (Legacy)","Anchor","https://whitelist.anchorprotocol.com/logo/ANC.png","Anchor","terra1w9ky73v4g7v98zzdqpqgf3kjmusnx4d4mvnac6","terra16vc4v9hhntswzkuunqhncs9yy30mqql3gxlqfe"
"ANCHOR_LIQUIDATION_CONTRACT","Liquidation Contract (Current)","Anchor","https://whitelist.anchorprotocol.com/logo/ANC.png","Anchor","terra1e25zllgag7j9xsun3me4stnye2pcg66234je3u",
"ANCHOR_LP_STAKING","LP Staking","Anchor","https://whitelist.anchorprotocol.com/logo/ANC.png","Anchor","terra1897an2xux840p9lrh6py3ryankc6mspw49xse3","terra19nxz35c8f7t3ghdxrxherym20tux8eccar0c3k"
"ANCHOR_COMMUNITY_FUND","Community Fund","Anchor","https://whitelist.anchorprotocol.com/logo/ANC.png","Anchor","terra12wk8dey0kffwp27l5ucfumczlsc9aned8rqueg","terra17g577z0pqt6tejhceh06y3lyeudfs3v90mzduy"
"ANCHOR_FEE_COLLECTOR","Fee Collector","Anchor","https://whitelist.anchorprotocol.com/logo/ANC.png","Anchor","terra14ku9pgw5ld90dexlyju02u4rn6frheexr5f96h","terra1hlctcrrhcl2azxzcsns467le876cfuzam6jty4"
"ANCHOR_REWARD_DISTRIBUTOR","Reward Distributor","Anchor","https://whitelist.anchorprotocol.com/logo/ANC.png","Anchor","terra1mxf7d5updqxfgvchd7lv6575ehhm8qfdttuqzz","terra1z7nxemcnm8kp7fs33cs7ge4wfuld307v80gypj"
"ANCHOR_BETH_REWARD","bETH Reward","Anchor","https://whitelist.anchorprotocol.com/logo/ANC.png","Anchor","terra1939tzfn4hn960ychpcsjshu8jds3zdwlp8jed9","terra1ja3snkedk4t0zp7z3ljd064hcln8dsv5x004na"
"DEVIANTS_STARTER_PACK_MINT","Deviants Starter Pack Mint","Deviants","https://raw.githubusercontent.com/etfinder/assets/master/extra/icon/60/DEVIANTS60.jpg","Deviants,Knowhere","terra1wr2mkhdx65wmlfk7aycpyy50kxf8ugckznr6ta",
"LEVANA_METEOR_SHOWER","Meteor Shower","Levana","https://raw.githubusercontent.com/etfinder/assets/master/extra/icon/60/LEVANA60.png","Levana","terra1dax9mddsycvzkc429wwy494vhzhggw3d5594rt",
"PYLON_CORE_FEEDER","Core Feeder","Pylon","https://assets.pylon.rocks/logo/MINE.png","Pylon","terra1zvsv534gx7xppq4yfstslmsgc3jmkfak4mlrv4",
"PYLON_CORE_ANCHORPOOL","Core AnchorPool","Pylon","https://assets.pylon.rocks/logo/MINE.png","Pylon","terra1z5j60wct88yz62ylqa4t8p8239cwx9kjlghkg2",
"PYLON_CORE_DEPOSIT_TOKEN_ANCHORPOOL","Core Deposit Token - Pylon AnchorPool","Pylon","https://assets.pylon.rocks/logo/MINE.png","Pylon","terra1ntplrx9lq82ks7sykf8ka39dclz6k0460vqtkc",
"PYLON_LAUNCHPAD_SWAP_MINE","Launchpad - Swap $MINE","Pylon","https://assets.pylon.rocks/logo/MINE.png","Pylon","terra1xc9qryk2mcrk77g7yp7u8fq8y3nylkgsrrwntp",
"PYLON_CORE_DEPOSIT_TOKEN_VALKYRIE_ANCHORPOOL","Deposit Token - Valkyrie AnchorPool","Pylon","https://app.valkyrieprotocol.com/icon_vkr.png","Pylon,Valkyrie,Anchor","terra1ntplrx9lq82ks7sykf8ka39dclz6k0460vqtkc",
"PYLON_LAUNCHPAD_SWAP_VALKYRIE","Launchpad - Swap $VKR","Pylon","https://app.valkyrieprotocol.com/icon_vkr.png","Pylon,Valkyrie","terra1dhrc7y9n8yvjvp5cp7caftqv5jxe0vqykldeq9",
"PYLON_LAUNCHPAD_SWAP_VALKYRIE_CAP_STRATEGY","Pylon Swap $VKR Cap Strategy","Pylon","https://app.valkyrieprotocol.com/icon_vkr.png","Pylon,Valkyrie","terra17n30u4zkench422gt3njzewd27y7xfmpt9lxz2",
"PYLON_LAUNCHPAD_LOCKUP_A","Launchpad - Lockup A","Pylon","https://assets.pylon.rocks/logo/MINE.png","Pylon","terra19vnwdqz4um0z8f69pc8y0z4ncrcxm4cjf3gevz",
"PYLON_LAUNCHPAD_LOCKUP_A_VALKYRIE","Launchpad - Lockup A / Valkyrie Deposit","Pylon","https://assets.pylon.rocks/logo/MINE.png","Pylon,Valkyrie","terra1f9qmvzl98xvhn444jd5cqawg7pfjt3hu6v259v",
"PYLON_LAUNCHPAD_LOCKUP_B","Launchpad - Lockup B","Pylon","https://assets.pylon.rocks/logo/MINE.png","Pylon","terra1t3wtg074jjscqc5k2hn6l4lsremccm25tt77zp",
"PYLON_LAUNCHPAD_LOCKUP_C","Launchpad - Lockup C","Pylon","https://assets.pylon.rocks/logo/MINE.png","Pylon","terra1za627n8zc8wqg06n9h7khpmjcnlkdkt38rkl3u",
"PYLON_TOKEN_AIRDROP","Token Airdrop","Pylon","https://assets.pylon.rocks/logo/MINE.png","Pylon","terra1ud39n6c42hmtp2z0qmy8svsk7z3zmdkxzfwcf2","terra1ujnu34ruqvskn65dlmkaamy7l69nstf7q9z3z5"
"PYLON_TOKEN_GOVERNANCE","Token Governance","Pylon","https://assets.pylon.rocks/logo/MINE.png","Pylon","terra1xu8utj38xuw6mjwck4n97enmavlv852zkcvhgp","terra1hffjqjscxgz5lnmmtwhksrcg4gd3x4nyp9mzwx"
"PYLON_TOKEN_COLLECTOR","Token Collector","Pylon","https://assets.pylon.rocks/logo/MINE.png","Pylon","terra1dwyfj2m3e3lcyzu6haznqnj57pl769n6947vgv",
"PYLON_TOKEN_COMMUNITY","Token Community","Pylon","https://assets.pylon.rocks/logo/MINE.png","Pylon","terra1q67q0nyyemm7cq885zaynz9fy29dxklvj503hv",
"PYLON_TOKEN_STAKING","Token Staking","Pylon","https://assets.pylon.rocks/logo/MINE.png","Pylon","terra19nek85kaqrvzlxygw20jhy08h3ryjf5kg4ep3l","terra17av0lfhqymusm6j9jpepzerg6u54q57jp7xnrz"
"PYLON_TOKEN_VESTING","Token Vesting","Pylon","https://assets.pylon.rocks/logo/MINE.png","Pylon","terra1ljvv6r84rvk5c4lngxkfa7laxls7jznwnwh0q9",
"PYLON_MINE_LP_INCENTIVES","Mine LP Incentives","Pylon","https://assets.pylon.rocks/logo/MINE.png","Pylon","terra10tgkjlzzd3jjdsrgfeygaxwf7ngzgdu27rtjn4",
"SPECTRUM_SPEC_GOVERNANCE","SPEC Governance","Spectrum","https://finder.extraterrestrial.money/images/SPEC100.png","Spectrum","terra1dpe4fmcz2jqk6t50plw0gqa2q3he2tj6wex5cl","terra1x3l2tkkwzzr0qsnrpy3lf2cm005zxv7pun26x4"
"SPECTRUM_SPEC_MIRROR_FARM","SPEC Mirror Farm","Spectrum","https://finder.extraterrestrial.money/images/SPEC100.png","Spectrum","terra1kehar0l76kzuvrrcwj5um72u3pjq2uvp62aruf","terra1hasdl7l6xtegnch8mjyw2g7mfh9nt3gtdtmpfu"
"SPECTRUM_SPEC_FARM","SPEC Farm","Spectrum","https://finder.extraterrestrial.money/images/SPEC100.png","Spectrum","terra17hjvrkcwn3jk2qf69s5ldxx5rjccchu35assga","terra1cedx8gpvu7c4vzfadwmf3pewg2030fqgw4q3dl"
"SPECTRUM_SPEC_STAKING","SPEC Staking","Spectrum","https://finder.extraterrestrial.money/images/SPEC100.png","Spectrum","terra1fxwelge6mf5l6z0rjpylzcfq9w9tw2q7tewaf5","terra15nwqmmmza9y643apneg0ddwt0ekk38qdevnnjt"
"SPECTRUM_SPEC_PLATFORM","SPEC Platform","Spectrum","https://finder.extraterrestrial.money/images/SPEC100.png","Spectrum","terra1vvu80qnl0yn94stkc9sy2f5xcqcscu2fercgzq","terra10h22vx3kp8wxdkuhypmwnjr4wrurcup5pk9uq9"
"SPECTRUM_SPEC_WARCHEST","SPEC Warchest","Spectrum","https://finder.extraterrestrial.money/images/SPEC100.png","Spectrum","terra14v8aeq4289fk7z08jvaw3qu3hers6whrdkqffp","terra1ulpamdq7lsg5hu0hzvl4skxt0ahtxs0enyu96e"
"SPECTRUM_DEVELOPMENT_FUND_WALLET","Development Fund Wallet","Spectrum","https://finder.extraterrestrial.money/images/SPEC100.png","Spectrum","terra1dretwqx84u229rjfgkp0j6avc3fusp000ejrz9",
"SPECTRUM_SPEC_ANC_FARM","Spec ANC Farm","Spectrum","https://finder.extraterrestrial.money/images/SPEC100.png","Spectrum","terra1fqzczuddqsdml37a20pysjx5wk9dh4tdzu2mrw","terra1yvpd3j7mry7qrmmn2x9vapmr9qpzkvjgs4f7z7"
"SPECTRUM_SPEC_MINE_FARM","Spec MINE Farm","Spectrum","https://finder.extraterrestrial.money/images/SPEC100.png","Spectrum","terra1r3675psl7s2fe0sfh0vut5z4hrywgyyfdrzg95","terra1hgjp2yjqe7ngzsx283tm7ch8xcsvk5c8mdj2tw"
"SPECTRUM_SPEC_TWD_FARM","Spec TWD Farm","Spectrum","https://finder.extraterrestrial.money/images/SPEC100.png","Spectrum","terra1cdyw7fydevn372re7xjgfh8kqrrf2lxm5k6ve3","terra19w0a2xv7vyj8yze3fxzk55nfl5nlvc0l67uduu"
"SPECTRUM_SPEC_VKR_FARM","Spec VKR Farm","Spectrum","https://finder.extraterrestrial.money/images/SPEC100.png","Spectrum","terra1xt4ugaxds6wjehjckqchzg4e99n3cjd2rtfw4f","terra15u4nuq7jchdzklpeqzazxs09cylgndqc37tvhg"
"SPECTRUM_SPEC_PSIUST_FARM","Spec Psi-UST Farm","Spectrum","https://finder.extraterrestrial.money/images/SPEC100.png","Spectrum","terra1j2hdp4jelqe9tkfwnsx5mlheqagaryxhqwr4h2","terra158j75d7kml99u3r4xy4e7xnfzmhm2j780e5npl"
"SPECTRUM_SPEC_ORION_FARM","Spec ORION Farm","Spectrum","https://finder.extraterrestrial.money/images/SPEC100.png","Spectrum","terra106en784zr4kpe6phlaj8c8t3aeqgn3xsugaelx","terra1mset93yy46n8lwy59gadcmekxspnf3zldzsc0x"
"SPECTRUM_SPEC_NLUNAPSI_FARM","Spec nLuna-Psi Farm","Spectrum","https://finder.extraterrestrial.money/images/SPEC100.png","Spectrum","terra19kzel57gvx42e628k6frh624x5vm2kpck9cr9c","terra1jssrzhcr2qdm53qucw6ty35wddyhea8nvwwq4a"
"SPECTRUM_SPEC_NETHPSI_FARM","Spec nEth-Psi Farm","Spectrum","https://finder.extraterrestrial.money/images/SPEC100.png","Spectrum","terra1lmm7xjareer3fd040kz2epw93hg20p9f64uh98","terra1nvgz56np9kytg4xx8xmd85yqfjh50p39wua2yg"
"SPECTRUM_SPEC_KUJI_FARM","Spec KUJI Farm","Spectrum","https://finder.extraterrestrial.money/images/SPEC100.png","Spectrum","terra15x4hysms59x5eek6esg3f2jycalpypdcl6sy7j","terra16ppenx9paca846mj39axlqhtxgz8n9az5pantj"
"LOTERRA_LOTA_TOKEN","LOTA Token","LoTerra","https://loterra.io/LOTA.png","LoTerra","terra1ez46kxtulsdv07538fh5ra5xj8l68mu8eg24vr","terra1v000amr8a59r88p33ec2kk9xqe047g7zzqqaf4"
"LOTERRA_LOTTERY_V1","LoTerra Lottery v1","LoTerra","https://loterra.io/LOTA.png","LoTerra","terra1e7hzp3tnsswpfcu6gt4wlgfm20lcsqqywhaagu",
"LOTERRA_LOTTERY_V2","LoTerra Lottery v2","LoTerra","https://loterra.io/LOTA.png","LoTerra","terra1zcf0d95z02u2r923sgupp28mqrdwmt930gn8x5",
"LOTERRA_LOTTERY_V2.0.1","LoTerra Lottery v2.0.1","LoTerra","https://loterra.io/LOTA.png","LoTerra","terra14mevcmeqt0n4myggt7c56l5fl0xw2hwa2mhlg0",
"LOTERRA_STAKING","LoTerra Staking","LoTerra","https://loterra.io/LOTA.png","LoTerra","terra1342fp86c3z3q0lksq92lncjxpkfl9hujwh6xfn",
"APOLLO_APOLLO_DAO_WARCHEST","Apollo DAO Warchest","Apollo","https://finder.extraterrestrial.money/images/APOLLO60.png","Apollo","terra1hxrd8pnqytqpelape3aemprw3a023wryw7p0xn",
"APOLLO_APOLLO_TOKEN","Apollo Token","Apollo","https://finder.extraterrestrial.money/images/APOLLO60.png","Apollo","terra100yeqvww74h4yaejj6h733thgcafdaukjtw397",
"TERRASWAP_APOLLO-UST_PAIR","APOLLO-UST Pair","Terraswap","https://finder.extraterrestrial.money/images/APOLLO60.png","Apollo,Terraswap,whitelist","terra1xj2w7w8mx6m2nueczgsxy2gnmujwejjeu2xf78",
"TERRASWAP_APOLLO-UST_LP","APOLLO-UST LP","Terraswap","https://finder.extraterrestrial.money/images/APOLLO60.png","Apollo,Terraswap,whitelist","terra1n3gt4k3vth0uppk0urche6m3geu9eqcyujt88q",
"APOLLO_AIRDROP","Apollo Airdrop","Apollo","https://finder.extraterrestrial.money/images/APOLLO60.png","Apollo","terra1sn807fkaddr6y6asl855rlrywygywlhs88r8ps",
"APOLLO_APOLLO_ROUTER","Apollo Router","Apollo","https://finder.extraterrestrial.money/images/APOLLO60.png","Apollo","terra1hy6cmqzke36dlxt0fst58ssd0mhk3xc793g3he",
"APOLLO_APOLLO_FACTORY","Apollo Factory","Apollo","https://finder.extraterrestrial.money/images/APOLLO60.png","Apollo","terra1g7jjjkt5uvkjeyhp8ecdz4e4hvtn83sud3tmh2",
"APOLLO_APOLLO_MARKK-UST_YIELD","Apollo mARKK-UST Yield","Apollo","https://finder.extraterrestrial.money/images/APOLLO60.png","Apollo","terra1jlsmcpfmc63m4p5clkmn9n02ju40uadj8tjegq",
"APOLLO_APOLLO_MAMC-UST_YIELD","Apollo mAMC-UST Yield","Apollo","https://finder.extraterrestrial.money/images/APOLLO60.png","Apollo","terra19x9m00c9ya2ekpereq7ffgfjt7l66p4fxkd68x",
"APOLLO_APOLLO_MABNB-UST_YIELD","Apollo mABNB-UST Yield","Apollo","https://finder.extraterrestrial.money/images/APOLLO60.png","Apollo","terra155ss0mvvqxfrp8jzw778wnd4s5vjuxtz5vhpjn",
"APOLLO_APOLLO_MAAPL-UST_YIELD","Apollo mAAPL-UST Yield","Apollo","https://finder.extraterrestrial.money/images/APOLLO60.png","Apollo","terra1ahncegsa89n2702zs6gpdnrkh04024p3cyv8zq",
"APOLLO_APOLLO_MIR-UST_YIELD","Apollo MIR-UST Yield","Apollo","https://finder.extraterrestrial.money/images/APOLLO60.png","Apollo","terra1fxpkqz2eyrh0dptjtrm6eykjmxlr5htn7apwca",
"APOLLO_APOLLO_MDOT-UST_YIELD","Apollo mDOT-UST Yield","Apollo","https://finder.extraterrestrial.money/images/APOLLO60.png","Apollo","terra1dr8m9sjlz0vhm0f9qnk23c9yecl9u2453pm25g",
"APOLLO_APOLLO_MCOIN-UST_YIELD","Apollo mCOIN-UST Yield","Apollo","https://finder.extraterrestrial.money/images/APOLLO60.png","Apollo","terra12fq7mpfp2yq4t4nnwpjggzqxe3mqt4z2tm85m2",
"APOLLO_APOLLO_MBTC-UST_YIELD","Apollo mBTC-UST Yield","Apollo","https://finder.extraterrestrial.money/images/APOLLO60.png","Apollo","terra1cnjkh6uls2mcmhrnxlw2erhqu7teamxgcj8aud",
"APOLLO_APOLLO_MBABA-UST_YIELD","Apollo mBABA-UST Yield","Apollo","https://finder.extraterrestrial.money/images/APOLLO60.png","Apollo","terra1wqx4g0qh0zzmdzchq7v45mwyktv6t0ex5r74xj",
"APOLLO_APOLLO_MVIXY-UST_YIELD","Apollo mVIXY-UST Yield","Apollo","https://finder.extraterrestrial.money/images/APOLLO60.png","Apollo","terra15za7p4szgz6ryjuavfsgvyrf4wpu2a5jstydeg",
"APOLLO_APOLLO_MUSO-UST_YIELD","Apollo mUSO-UST Yield","Apollo","https://finder.extraterrestrial.money/images/APOLLO60.png","Apollo","terra1u96v7dvyaujvfexnn3dtsau2eeql9pulzwglpp",
"APOLLO_APOLLO_MTWTR-UST_YIELD","Apollo mTWTR-UST Yield","Apollo","https://finder.extraterrestrial.money/images/APOLLO60.png","Apollo","terra1mgudyp0wg39vtwtuegsvhuvdjvrxkc0h5gkpka",
"APOLLO_APOLLO_MTSLA-UST_YIELD","Apollo mTSLA-UST Yield","Apollo","https://finder.extraterrestrial.money/images/APOLLO60.png","Apollo","terra1zarrw36cff6h36d94j5mwp7ylrylz9eh3p06nn",
"APOLLO_APOLLO_MAMD-UST_YIELD","Apollo mAMD-UST Yield","Apollo","https://finder.extraterrestrial.money/images/APOLLO60.png","Apollo","terra1r4em477aq2jmymw6c0lmw6tlzc9decahwj0se6",
"APOLLO_APOLLO_MAMZN-UST_YIELD","Apollo mAMZN-UST Yield","Apollo","https://finder.extraterrestrial.money/images/APOLLO60.png","Apollo","terra12rusa506gu7f4xaxqucym48arl5q9ltn4ekuw6",
"APOLLO_APOLLO_MMSFT-UST_YIELD","Apollo mMSFT-UST Yield","Apollo","https://finder.extraterrestrial.money/images/APOLLO60.png","Apollo","terra1me54pc0w8225nrjr0r6gn868flglt3qepadz6z",
"APOLLO_APOLLO_MNFLX-UST_YIELD","Apollo mNFLX-UST Yield","Apollo","https://finder.extraterrestrial.money/images/APOLLO60.png","Apollo","terra1ra36atnwndtureqcg6gyqumv6ndke6nq5m7ml9",
"APOLLO_APOLLO_MSQ-UST_YIELD","Apollo mSQ-UST Yield","Apollo","https://finder.extraterrestrial.money/images/APOLLO60.png","Apollo","terra1sk7ftxycjuearkefjqa60rsc6fydntedp4kjpu",
"APOLLO_APOLLO_MSPY-UST_YIELD","Apollo mSPY-UST Yield","Apollo","https://finder.extraterrestrial.money/images/APOLLO60.png","Apollo","terra1lfaqzj7qlzk7qvavecj5rg072d7ze93ynl8chv",
"APOLLO_APOLLO_MSLV-UST_YIELD","Apollo mSLV-UST Yield","Apollo","https://finder.extraterrestrial.money/images/APOLLO60.png","Apollo","terra1u5gtehdt36m7wytkwaljuygha479ljln2j70vu",
"APOLLO_APOLLO_MQQQ-UST_YIELD","Apollo mQQQ-UST Yield","Apollo","https://finder.extraterrestrial.money/images/APOLLO60.png","Apollo","terra183xfs8k46aye78fjpxcdpe8gm3mgjp7q07aku2",
"APOLLO_APOLLO_METH-UST_YIELD","Apollo mETH-UST Yield","Apollo","https://finder.extraterrestrial.money/images/APOLLO60.png","Apollo","terra1ymcwygrn7e5mdzfjpssk0ly8nhf3lgqavvpw45",
"APOLLO_APOLLO_MFB-UST_YIELD","Apollo mFB-UST Yield","Apollo","https://finder.extraterrestrial.money/images/APOLLO60.png","Apollo","terra1w8vmc6qqgvy4vz9l8kfzj474c0980jm3lkuzn2",
"APOLLO_APOLLO_MGLXY-UST_YIELD","Apollo mGLXY-UST Yield","Apollo","https://finder.extraterrestrial.money/images/APOLLO60.png","Apollo","terra1kcmpmqsfygselhdgz6ewfymrm2d6ejdl4cjqep",
"APOLLO_APOLLO_MGME-UST_YIELD","Apollo mGME-UST Yield","Apollo","https://finder.extraterrestrial.money/images/APOLLO60.png","Apollo","terra18s9hsjq770v9xlkwxkamfpyylfwzescpnmtxgr",
"APOLLO_APOLLO_MGOOGL-UST_YIELD","Apollo mGOOGL-UST Yield","Apollo","https://finder.extraterrestrial.money/images/APOLLO60.png","Apollo","terra1se38zd2u0rjr9fdrlwwahc9f8slfwqe658s7fq",
"APOLLO_APOLLO_MIAU-UST_YIELD","Apollo mIAU-UST Yield","Apollo","https://finder.extraterrestrial.money/images/APOLLO60.png","Apollo","terra1nm0kdxcxxp536gpav085jeu4pyuve8t3q86nan",
"APOLLO_APOLLO_MINE-UST_YIELD","Apollo MINE-UST AutoCompounder","Apollo","https://finder.extraterrestrial.money/images/APOLLO60.png","Apollo","terra15cy5ef4e5mtxtjrjemkhlf2jjal7zmzug45vy8",
"APOLLO_APOLLO_ANC-UST_YIELD","Apollo ANC-UST AutoCompounder","Apollo","https://finder.extraterrestrial.money/images/APOLLO60.png","Apollo","terra1p8xr0jpv8tl6v3lrl3sr8nmrcp0zq2g69h28kx",
"APOLLO_APOLLO_STT-UST_YIELD","Apollo STT-UST AutoCompounder","Apollo","https://finder.extraterrestrial.money/images/APOLLO60.png","Apollo","terra1svnjccy8fcuq20kkkslkura95falwfaez84sh4",
"PYLON_LAUNCHPAD_LOOP_POOL_1","Launchpad - LOOP Pool 1","Pylon","https://loop.markets/token/logo2.png","Pylon,LOOP","terra1p9ns8r3unhvvp6ka3r52h79d0t6wjthxu4dfrs",
"PYLON_LAUNCHPAD_LOOP_POOL_2","Launchpad - LOOP Pool 2","Pylon","https://loop.markets/token/logo2.png","Pylon,LOOP","terra1527ks2mulus98lwx7qhdmrv4hug9pgx0m3c95s",
"PYLON_LAUNCHPAD_LOOP_POOL_3","Launchpad - LOOP Pool 3","Pylon","https://loop.markets/token/logo2.png","Pylon,LOOP","terra1jtd00mrwdpa6aecvw60mhzrqup054q054u53ch",
"PYLON_LOOP_ANCHORPOOL","LOOP AnchorPool","Pylon","https://loop.markets/token/logo2.png","Pylon,LOOP","terra149fxy4crxnhy4z2lezefwe7evjthlsttyse20m",
"PYLON_PYLON_TWD_PRE-SALE_SWAP_BLUNDER","Pylon $TWD Pre-sale Swap Blunder","Pylon","https://assets.pylon.rocks/logo/MINE.png","Pylon,Terraworld","terra15fgzzle2em5m6w4ps6sm7htvm829pwhwe5t2nl",
"LOOP_LOOP-UST_PAIR","LOOP LOOP-UST Pair","Loop","https://loop.markets/token/logo2.png","LOOP","terra106a00unep7pvwvcck4wylt4fffjhgkf9a0u6eu",
"LOOP_LOOP-LOOPR_PAIR","LOOP LOOP-LOOPR Pair","Loop","https://loop.markets/token/logo2.png","LOOP","terra154jt8ppucvvakvqa5fyfjdflsu6v83j4ckjfq3",
"LOOP_LOOPR-UST_PAIR","LOOP LOOPR-UST Pair","Loop","https://loop.markets/token/logo2.png","LOOP","terra1dw5j23l6nwge69z0enemutfmyc93c36aqnzjj5",
"LOOP_AIRDROP","LOOP Airdrop","Loop","https://loop.markets/token/logo2.png","LOOP","terra1atch4d5t25csx7ranccl48udq94k57js6yh0vk",
"LOOP_LOOP_TOKEN","LOOP Token","Loop","https://loop.markets/token/logo2.png","LOOP","terra1nef5jf6c7js9x6gkntlehgywvjlpytm7pcgkn4",
"LOOP_LOOPR_TOKEN","LOOPR Token","Loop","https://loop.markets/token/logo3.png","LOOP","terra1jx4lmmke2srcvpjeereetc9hgegp4g5j0p9r2q",
"LOOP_PAIR_FACTORY","LOOP Pair Factory","Loop","https://loop.markets/token/logo2.png","LOOP","terra16hdjuvghcumu6prg22cdjl96ptuay6r0hc6yns",
"LOOP_TWD-UST_PAIR","LOOP TWD-UST Pair","Loop","https://finder.extraterrestrial.money/images/TWD100.png","LOOP,Terraworld","terra1jfp5ew4tsru98wthajsqegtzaxt49ty4z2qws0",
"LOOP_SPEC-UST_PAIR","LOOP SPEC-UST Pair","Loop","https://terra.spec.finance/assets/SPEC.png","LOOP,Spectrum","terra1jkr0ef9fpghdru38ht70ds6jfldprgttw6xlek",
"LOOP_MIR-UST_PAIR","LOOP MIR-UST Pair","Loop","https://whitelist.mirror.finance/icon/MIR.png","LOOP,Mirror","terra1cpzkckgzz90pq8fkumdjc58ee5llrxt2yka9fp",
"LOOP_STT-UST_PAIR","LOOP STT-UST Pair","Loop","https://starterra.io/assets/100x100_starterra.png","LOOP,Starterra","terra1lgazu0ltsxm3ayellqa2mhnhlvgx3hevkqeqy2",
"LOOP_MINE-UST_PAIR","LOOP MINE-UST Pair","Loop","https://assets.pylon.rocks/logo/MINE.png","LOOP,Pylon","terra13eggta6zqfg03mxgqg9p5paqka7tgaaxnkhuuu",
"LOOP_ANC-UST_PAIR","LOOP ANC-UST Pair","Loop","https://whitelist.anchorprotocol.com/logo/ANC.png","LOOP,Anchor","terra1f6d3pggq7h2y7jrgwxp3xh08yhvj8znalql87h",
"LOOP_LOTA-UST_PAIR","LOOP LOTA-UST Pair","Loop","https://loterra.io/LOTA.png","LOOP,LoTerra","terra15568nqrqcawm263yqcuuuvj5mh763tp8jyscq3",
"LOOP_ALTE-UST_PAIR","LOOP ALTE-UST Pair","Loop","https://raw.githubusercontent.com/etfinder/assets/master/extra/icon/60/ALTE60.png","LOOP,Altered","terra1whns5nyc8sw328uw3qqnyafxd5yfqsytkdkgqz",
"LOOP_DPH-UST_PAIR","LOOP DPH-UST Pair","Loop","https://digipharm.io/wp-content/uploads/2021/02/digipharm_etherscan_logo.png","LOOP,Digipharm","terra178yhudw6cwtnrn4fq593z87y385m0xe9n6x423",
"TERRAWORLD_TWD_TOKEN","Terra World Token","Terraworld","https://finder.extraterrestrial.money/images/TWD100.png","Terraworld","terra19djkaepjjswucys4npd5ltaxgsntl7jf0xz7w6","terra18xfqhtfaz2su55zmurmh02ng9lnhw0xnyplvln"
"ALTERED_ALTE_TOKEN","ALTE Token","Altered","https://raw.githubusercontent.com/etfinder/assets/master/extra/icon/60/ALTE60.png","Altered","terra15tztd7v9cmv0rhyh37g843j8vfuzp8kw0k5lqv",
"SPECTRUM_SPEC_TOKEN","SPEC Token","Spectrum",,"Spectrum","terra1s5eczhe0h0jutf46re52x5z4r03c8hupacxmdr","terra1kvsxd94ue6f4rtchv2l6me5k07uh26s7637cza"
"STARTERRA_STAKING_FACTION_LUNATICS","STT Staking Faction Lunatics",,,"StarTerra","terra1pyl3u0v0y7szlj8njctkhys9fvtsl6wva00fd5","terra1cxz4m6rvq9vkw8x9f3gqtuex6t5ulm6sr3j4qz"
"STARTERRA_STAKING_FACTION_DEGENS","STT Staking Faction Degens",,,"StarTerra","terra1pafra8qj9efnxhv5jq7n4qy0mq5pge8w4k8s2k","terra1qmfd0fxl2635dulcumax4zmgssmhe7jac9zhhf"
"STARTERRA_STAKING_FACTION_INTERSTELLARS","STT Staking Faction Interstellars",,,"StarTerra","terra1snra29afr9efzt6l34wfnhj3jn90hq6rx8jhje","terra1sh4fw9nt6uatxjzaef2p4fcq7fvys0kjx8kcsp"
"STARTERRA_STAKING_GATEWAY","STT Staking Gateway",,,"StarTerra","terra1q7tktp2e7e8qyxpsa3c5l8c7ruht6mw9wm07z0","terra138nj05uga45sqqtp8x97p7xssfwxd34p7l9m5h"
"STARTERRA_VESTING_GATEWAY","STT Vesting Gateway",,,"StarTerra","terra1cycvyedrhltumytjtp0qx9kfdx20s0fqa8ttmm","terra1h0htzudzjm6fwzdd40asg4vtus2a2dt84q4vwu"
"STARTERRA_VESTING_PRIVATE_SEED","STT Vesting Private/Seed",,,"StarTerra","terra1268e62h8r0fcr2nt0kplxp8jx5qalwq73a5fuk","terra1djcvzw28y48xt6sh3yu97wyhqdwxuymuyrmku3"
"STARTERRA_VESTING_MARKETING","STT Vesting Marketing",,,"StarTerra","terra1ld47cz4t7gpt7ux4llee3le75y4rhqksw6xfpa","terra1c6vuf0dgxkcycxu94w874xg5qy3u63gfm6r4hu"
"STARTERRA_VESTING_PUBLIC","STT Vesting Public",,,"StarTerra","terra1s2yuugawj98gkpy6h9ua7ppss94sqgw2r7tyma","terra1szdlzc867nt6v84mtwexd9nkt9f55q4au7z5j7"
"STARTERRA_STT_TOKEN","Star Terra Token","StarTerra","https://starterra.io/assets/100x100_starterra.png","StarTerra","terra13xujxcrc9dqft4p9a8ls0w3j0xnzm6y2uvve8n","terra1juwtwk5qymhz7s3hn0vx6tkqst54ud6wfjknvp"
"STARTERRA_STT_LP_STAKING","STT LP Staking","StarTerra","https://starterra.io/assets/100x100_starterra.png","StarTerra","terra1gw80vdfk028d5qywl86c4culg7q286748c0thz",
"STARTERRA_LOOP_IDO","StarTerra Loop IDO","Loop","https://loop.markets/token/logo2.png","StarTerra, LOOP","terra1wcmquav80s07phd3wc4zkshuv40wmcpurqw5t2",
"ANCHOR_BLUNA_TOKEN","bLuna Token","Anchor","https://whitelist.anchorprotocol.com/logo/bLUNA.png","Anchor","terra1kc87mu460fwkqte29rquh4hc20m54fxwtsx7gp","terra1u0t35drzyy0mujj8rkdyzhe264uls4ug3wdp3x"
"ANCHOR_BETH_TOKEN","bETH Token","Anchor","https://whitelist.anchorprotocol.com/logo/bETH.png","Anchor","terra1dzhzukyezv0etz22ud940z7adyv7xgcjkahuun","terra19mkj9nec6e3y5754tlnuz4vem7lzh4n0lc2s3l"
"ANCHOR_AUST_TOKEN","aUST Token","Anchor","https://whitelist.anchorprotocol.com/logo/aUST.png","Anchor","terra1hzh9vpxhsk8253se0vv5jj6etdvxu3nv8z07zu","terra1ajt556dpzvjwl0kl5tzku3fc3p3knkg9mkv8jl"
"ANCHOR_ANC_TOKEN","ANC Token","Anchor","https://whitelist.anchorprotocol.com/logo/ANC.png","Anchor","terra14z56l0fp2lsf86zy3hty2z47ezkhnthtr9yq76","terra1747mad58h0w4y589y3sk84r5efqdev9q4r02pc"
"PYLON_MINE_TOKEN","Mine Token","Pylon","https://assets.pylon.rocks/logo/MINE.png","Pylon","terra1kcthelkax4j9x8d3ny6sdag0qmxxynl3qtcrpy","terra1lqm5tutr5xcw9d5vc4457exa3ghd4sr9mzwdex"
"MIAW_MIAW_TOKEN","Miaw Token","Miaw Trader",,"Miaw","terra1vtr50tw0pgqpes34zqu60n554p9x4950wk8f63",
"TERRASWAP_MIAW-UST_PAIR","MIAW-UST Pair","Terraswap",,"Miaw,whitelist","terra12mzh5cp6tgc65t2cqku5zvkjj8xjtuv5v9whyd",
"TERRASWAP_MIAW-UST_LP","MIAW-UST LP","Terraswap",,"Miaw","terra1hvz34zmk4h6k896t94vd8d5qjdchhnkdndunzx",
"SPACELOOT_MINTER","Spaceloot Minter","Spaceloot","https://raw.githubusercontent.com/etfinder/assets/master/extra/icon/60/SPACELOOT.png","Spaceloot","terra1ec833xj9f8dm0c04cdka9fkyefzgll7pdzzyxq",
"SPACELOOT_TLOOT_TOKEN","Terra Loot Token","Spaceloot","https://raw.githubusercontent.com/etfinder/assets/master/extra/icon/60/SPACELOOT.png","Spaceloot","terra13qrc9j00lk3x0rvpptzdmwtckfj64d5g6xnrv9",
"SPACELOOT_INSTANTIATOR","Spaceloot Instantiator","Spaceloot","https://raw.githubusercontent.com/etfinder/assets/master/extra/icon/60/SPACELOOT.png","Spaceloot","terra1gr9sh03wy06e288de8jpwwvsxlyv274d88uuuc",
"LUNALAPIN","LunaLapin","LunaLapin","https://raw.githubusercontent.com/etfinder/assets/master/extra/icon/60/LUNALAPIN.png","LunaLapin","terra1kekvz7nm8ed2nd8mdny8ukuap00mg52txrnwhs",
"COINONE_WITHDRAW","Coinone Withdraw","Exchange",,"Exchange","terra1al546tmrj0wmwfctcqkch47h57h23mch7d8xqa",
"COINONE_DEPOSIT","Coinone Deposit","Exchange",,"Exchange","terra1v9ku44wycfnsucez6fp085f5fsksp47u9x8jr4",
"GALACTIC_PUNKS","Galactic Punks","GalacticPunks","https://raw.githubusercontent.com/etfinder/assets/master/extra/icon/60/GP.png","GP,NFT","terra103z9cnqm8psy0nyxqtugg6m7xnwvlkqdzm4s4k",
"TFLOKI_TFLOKI_TOKEN","TFLOKI Token","TFLOKI","https://raw.githubusercontent.com/etfinder/assets/master/extra/icon/60/TFLOKI.png","TFLOKI","terra1u2k0nkenw0p25ljsr4ksh7rxm65y466vkdewwj",
"TFLOKI_NFT_TICKET_D1","TFLOKI NFT Ticket D1","TFLOKI","https://raw.githubusercontent.com/etfinder/assets/master/extra/icon/60/TFLOKI.png","TFLOKI,NFT","terra1a8k3jyv3wf6k3zngza5h6srrxcckdf7zv90p6u",
"TERRASWAP_TFLOKI-UST_PAIR","TFLOKI-UST PAIR","Terraswap","https://raw.githubusercontent.com/etfinder/assets/master/extra/icon/60/TFLOKI.png","TFLOKI,Terraswap,whitelist","terra1yjmpu9c3dzknf8axtp6k74nvkwrd457u7p2sdr",
"NEXUS_BASSET_VAULT_BLUNA","Nexus Vault bLuna","Nexus","https://terra.nexusprotocol.app/assets/psi.png","Nexus,bLuna","terra1cda4adzngjzcn8quvfu2229s8tedl5t306352x",
"NEXUS_BASSET_VAULT_STRATEGY_BLUNA","Nexus Vault Strategy bLuna","Nexus","https://terra.nexusprotocol.app/assets/psi.png","Nexus,bLuna","terra1fxc9epfhest8sndrayfkxc9y6arva4sqtp7drg",
"NEXUS_BASSET_VAULT_BETH","Nexus Vault bETH","Nexus","https://terra.nexusprotocol.app/assets/psi.png","Nexus,bETH","terra1tfrecwlvzcv9h697q3g0d08vd53ssu5w4war4n",
"NEXUS_BASSET_VAULT_STRATEGY_BETH","Nexus Vault Strategy bETH","Nexus","https://terra.nexusprotocol.app/assets/psi.png","Nexus,bETH","terra1h3y2mk0dwfy72fkwcm8h62y6uyy4k27m2m68kt",
"NEXUS_PSI_TOKEN","PSI Token","Nexus","https://terra.nexusprotocol.app/assets/psi.png","Nexus,Psi","terra12897djskt9rge8dtmm86w654g7kzckkd698608",
"NEXUS_NLUNA_TOKEN","nLuna Token","Nexus","https://terra.nexusprotocol.app/nLuna.svg","Nexus,nLuna","terra10f2mt82kjnkxqj2gepgwl637u2w4ue2z5nhz5j",
"NEXUS_NLUNA_TOKEN_CONFIG_HOLDER","nLuna Token Config Holder","Nexus","https://terra.nexusprotocol.app/nLuna.svg","Nexus,nLuna","terra1rsupnpjmnjj93a8s7twgmutvknuvzvktcd32n0",
"NEXUS_NETH_TOKEN","nETH Token","Nexus","https://terra.nexusprotocol.app/nEth.svg","Nexus,nETH","terra178v546c407pdnx5rer3hu8s2c0fc924k74ymnn",
"NEXUS_NETH_TOKEN_CONFIG_HOLDER","nETH Token Config Holder","Nexus","https://terra.nexusprotocol.app/nEth.svg","Nexus,nETH","terra1v58xln8ry8lx4pdt2lzpw57grksewtgqehuvah",
"TERRASWAP_PSI-UST_PAIR","PSI-UST PAIR","Terraswap","https://terra.nexusprotocol.app/assets/psi.png","Nexus,Psi,Terraswap,whitelist","terra163pkeeuwxzr0yhndf8xd2jprm9hrtk59xf7nqf",
"TERRASWAP_PSI-UST_LP","PSI-UST LP","Terraswap","https://terra.nexusprotocol.app/assets/psi.png","Nexus,Psi,Terraswap","terra1q6r8hfdl203htfvpsmyh8x689lp2g0m7856fwd",
"TERRASWAP_PSI-NLUNA_PAIR","PSI-nLuna PAIR","Terraswap","https://terra.nexusprotocol.app/assets/psi.png","Nexus,Psi,Terraswap,whitelist","terra1zvn8z6y8u2ndwvsjhtpsjsghk6pa6ugwzxp6vx",
"TERRASWAP_PSI-NLUNA_LP","PSI-nLuna LP","Terraswap","https://terra.nexusprotocol.app/assets/psi.png","Nexus,Psi,Terraswap","terra1tuw46dwfvahpcwf3ulempzsn9a0vhazut87zec",
"TERRASWAP_PSI-NETH_PAIR","PSI-nETH PAIR","Terraswap","https://terra.nexusprotocol.app/assets/psi.png","Nexus,Psi,Terraswap,whitelist","terra14zhkur7l7ut7tx6kvj28fp5q982lrqns59mnp3",
"TERRASWAP_PSI-NETH_LP","PSI-nETH LP","Terraswap","https://terra.nexusprotocol.app/assets/psi.png","Nexus,Psi,Terraswap","terra1y8kxhfg22px5er32ctsgjvayaj8q36tr590qtp",
"NEXUS_GOVERNANCE","Nexus Governance","Nexus","https://terra.nexusprotocol.app/assets/psi.png","Nexus,Psi","terra1xrk6v2tfjrhjz2dsfecj40ps7ayanjx970gy0j",
"NEXUS_VESTING","Nexus Vesting (Investment & Team)","Nexus","https://terra.nexusprotocol.app/assets/psi.png","Nexus,Psi","terra15jggavtx37dsmfjy6sed7nnyccw2v5298xlt5g",
"NEXUS_COMMUNITY_POOL_MAIN","Nexus Community Pool (Main Tax Collector)","Nexus","https://terra.nexusprotocol.app/assets/psi.png","Nexus,Psi","terra16mtntdg7rkvt3q5hcz8nqr6hj8mme5jmrtk8y2",
"NEXUS_COMMUNITY_POOL_SECONDARY","Nexus Community Pool (Secondary)","Nexus","https://terra.nexusprotocol.app/assets/psi.png","Nexus,Psi","terra1cuydpfxaen3m0l00nkn29s8kks0gk9pjvq7ep7",
"NEXUS_AIRDROP","Nexus Airdrop","Nexus","https://terra.nexusprotocol.app/assets/psi.png","Nexus,Psi","terra1992lljnteewpz0g398geufylawcmmvgh8l8v96",
"NEXUS_PSI-UST_STAKING","Nexus PSI-UST LP Staking","Nexus","https://terra.nexusprotocol.app/assets/psi.png","Nexus,Psi","terra12kzewegufqprmzl20nhsuwjjq6xu8t8ppzt30a",
"NEXUS_PSI-NLUNA_STAKING","Nexus PSI-nLuna LP Staking","Nexus","https://terra.nexusprotocol.app/assets/psi.png","Nexus,Psi","terra1hs4ev0ghwn4wr888jwm56eztfpau6rjcd8mczc",
"NEXUS_PSI-NETH_STAKING","Nexus PSI-NETH LP Staking","Nexus","https://terra.nexusprotocol.app/assets/psi.png","Nexus,Psi","terra1lws09x0slx892ux526d6atwwgdxnjg58uan8ph",
"DIGIPHARM_DPH_TOKEN","DPH Token","Digipharm","https://digipharm.io/wp-content/uploads/2021/02/digipharm_etherscan_logo.png","Digipharm,DPH","terra17jnhankdfl8vyzj6vejt7ag8uz0cjc9crkl2h7",
"TERRASWAP_DPH-UST_PAIR","DPH-UST PAIR","Terraswap","https://digipharm.io/wp-content/uploads/2021/02/digipharm_etherscan_logo.png","Digipharm,DPH,Terraswap,whitelist","terra1zz39wfyyqt4tjz7dz6p7s9c8pwmcw2xzde3xl8",
"TERRAWHALES","TerraWhales","TerraWhales","https://raw.githubusercontent.com/etfinder/assets/master/extra/icon/60/terrawhales.png","TERRAWHALES,NFT","terra1m6y63u3g6m7nw76pxpy5tuyllq854nmtn7986r",
"VALKYRIE_VKR_TOKEN","Valkyrie Token","Valkyrie","https://app.valkyrieprotocol.com/icon_vkr.png","Valkyrie","terra1dy9kmlm4anr92e42mrkjwzyvfqwz66un00rwr5",
"VALKYRIE_GOVERNANCE","Valkyrie Governance","Valkyrie","https://app.valkyrieprotocol.com/icon_vkr.png","Valkyrie","terra1w6xf64nlmy3fevmmypx6w2fa34ue74hlye3chk",
"VALKYRIE_GOV_STAKING_REWARDS","Valkyrie Gov Staking Rewards","Valkyrie","https://app.valkyrieprotocol.com/icon_vkr.png","Valkyrie","terra1q0cav83spnh4muu03sgfhghn0xv7m9uykm484p",
"VALKYRIE_STAKING","Valkyrie Staking","Valkyrie","https://app.valkyrieprotocol.com/icon_vkr.png","Valkyrie","terra1ude6ggsvwrhefw2dqjh4j6r7fdmu9nk6nf2z32",
"VALKYRIE_AIRDROP","Valkyrie Airdrop","Valkyrie","https://app.valkyrieprotocol.com/icon_vkr.png","Valkyrie","terra1s5ww3afj9ym9k5ceu5m3xmea0t9tl7fmh7r40h",
"VALKYRIE_CAMPAIGN_FACTORY","Valkyrie Campaign Factory","Valkyrie","https://app.valkyrieprotocol.com/icon_vkr.png","Valkyrie","terra18s9khg4ugpv4hyy0ed7jxc6lmq5pcyyh9djakz",
"VALKYRIE_CAMPAIGN_1","Valkyrie Campaign Launch Event","Valkyrie","https://app.valkyrieprotocol.com/icon_vkr.png","Valkyrie","terra10ng0k6wp40tpxlsyxczqgqr0uqsytzqyh702tj",
"VALKYRIE_CAMPAIGN_1_QUALIFIER","Valkyrie Campaign Launch Event Qualifier","Valkyrie","https://app.valkyrieprotocol.com/icon_vkr.png","Valkyrie","terra1dweqcvpcdx67n7ef78ghc4equd8kteyqxsr29x",
"VALKYRIE_CAMPAIGN_2","Valkyrie Campaign Pylon Share","Valkyrie","https://app.valkyrieprotocol.com/icon_vkr.png","Valkyrie,Pylon","terra13swrxgswau5mxvkl0jvqf9lcles2z39g5zqlgy",
"TERRASWAP_VKR-UST_PAIR","VKR-UST Pair","Terraswap","https://app.valkyrieprotocol.com/icon_vkr.png","Valkyrie,Terraswap,whitelist","terra1e59utusv5rspqsu8t37h5w887d9rdykljedxw0",
"TERRASWAP_VKR-UST_LP","VKR-UST LP","Terraswap","https://app.valkyrieprotocol.com/icon_vkr.png","Valkyrie,Terraswap","terra17fysmcl52xjrs8ldswhz7n6mt37r9cmpcguack",
"TERRAPINS","Terrapins on Terra","Terrapins","https://raw.githubusercontent.com/etfinder/assets/master/extra/icon/60/TERRAPINS.png","Terrapins,NFT","terra1f89xq3qhu98v4jch4y5xcrkhl9gytrne99x74t",
"TERRAPINS_MINTER","Terrapins Minter","Terrapins","https://raw.githubusercontent.com/etfinder/assets/master/extra/icon/60/TERRAPINS.png","Terrapins,NFT","terra1nj4x8m5vrl0wudgf45agy7kjxmta9cp83vj053",
"RANDOMEARTH_SETTLEMENT","RandomEarth Settlement","RandomEarth","https://raw.githubusercontent.com/etfinder/assets/master/extra/icon/60/RANDOMEARTH.png","RandomEarth,NFT","terra1eek0ymmhyzja60830xhzm7k7jkrk99a60q2z2t",
"WORMHOLE_WORMHOLE","Wormhole","Wormhole","https://raw.githubusercontent.com/etfinder/assets/master/extra/icon/60/WORMHOLE.png","Wormhole,Bridge,Cross-Chain","terra1dq03ugtd40zu9hcgdzrsq6z2z4hwhc9tqk2uy5",
"WORMHOLE_WRAPPED_REGISTRY","Wormhole Wrapped Registry","Wormhole","https://raw.githubusercontent.com/etfinder/assets/master/extra/icon/60/WORMHOLE.png","Wormhole,Bridge,Cross-Chain","terra10nmmwe8r3g99a9newtqa7a75xfgs2e8z87r2sf",
"WORMHOLE_PANCAKE_SWAP","whCake Token","Wormhole","https://raw.githubusercontent.com/etfinder/assets/master/extra/icon/60/WORMHOLE.png","Wormhole,PancakeSwap","terra1xvqlpjl2dxyel9qrp6qvtrg04xe3jh9cyxc6av",
"ANGEL_PROTOCOL_REGISTRAR","Angel Protocol Registrar","Angel Protocol","https://angelprotocol.io/favicon.png","Angel Protocol","terra1nwk2y5nfa5sxx6gtxr84lre3zpnn7cad2f266h",
"ANGEL_PROTOCOL_INDEX_FUND","Angel Protocol Index Fund","Angel Protocol","https://angelprotocol.io/favicon.png","Angel Protocol","terra19cevhng6nunl7gmc90sph0syuqyvtqn7mlhwz0",
"ANGEL_PROTOCOL_VAULT_ANCHOR","Angel Protocol Vault - Anchor","Angel Protocol","https://angelprotocol.io/favicon.png","Angel Protocol","terra172ue5d0zm7jlsj2d9af4vdff6wua7mnv6dq5vp",
"ANGEL_PROTOCOL_TEAM_GROUP","Angel Protocol Team Group","Angel Protocol","https://angelprotocol.io/favicon.png","Angel Protocol","terra1qzdgs73h3rnh9j7f4t6tyuw9lmrp5esn6yunyl",
"ANGEL_PROTOCOL_TEAM_MULTISIG","Angel Protocol Team Multisig","Angel Protocol","https://angelprotocol.io/favicon.png","Angel Protocol","terra1m6rqwmxlpztjf3zfhza906d44c9rpf2t6vn37n",
"ANGEL_PROTOCOL_ENDOWMENT_OWNERS_GROUP","Angel Protocol Endowment Owners Group","Angel Protocol","https://angelprotocol.io/favicon.png","Angel Protocol","terra1lycc2zyhd676294c604euh8hxw7h6jrjd68x83",
"ANGEL_PROTOCOL_GUARDIAN_ANGELS_MULTISIG","Angel Protocol Guardian Angels Multisig","Angel Protocol","https://angelprotocol.io/favicon.png","Angel Protocol","terra1jd2n0ze7er80x9h8k3x006aypaxs7mvrggdmn9",
"ANGEL_PROTOCOL_ENDOWMENT_1","Better Me","Angel Protocol","https://angelprotocol.io/favicon.png","Angel Protocol","terra1zn8aqw3ypzvs8pzuadpqw5jw5rptxp4y08z7sr",
"ANGEL_PROTOCOL_ENDOWMENT_2","Yellow Boat of Hope Foundation","Angel Protocol","https://angelprotocol.io/favicon.png","Angel Protocol","terra1k6v33x6sc9chztxgyh859npz740gmn9d4rnfkz",
"ANGEL_PROTOCOL_ENDOWMENT_3","Technovation Rwanda","Angel Protocol","https://angelprotocol.io/favicon.png","Angel Protocol","terra1xmeept4tj37qqsajws8r6tl7f5hskvvfg2fmd5",
"ANGEL_PROTOCOL_ENDOWMENT_4","Blue Jay Animal Sancutary","Angel Protocol","https://angelprotocol.io/favicon.png","Angel Protocol","terra1c5luclcnzwhlf59c5w63yn034z6k9jrefx0swx",
"ANGEL_PROTOCOL_ENDOWMENT_5","The Turing Trust","Angel Protocol","https://angelprotocol.io/favicon.png","Angel Protocol","terra1ngnqymglanujrhs09qakyz84k4v6cw9yyjwp0t",
"ANGEL_PROTOCOL_ENDOWMENT_6","Pro2Tect","Angel Protocol","https://angelprotocol.io/favicon.png","Angel Protocol","terra18y4lflmg0wnlkw4hvamp4l2hjv2cafy7dtcyn6",
"ANGEL_PROTOCOL_ENDOWMENT_7","Refugee Girls Need You","Angel Protocol","https://angelprotocol.io/favicon.png","Angel Protocol","terra1xmkprc4p2wxjh9eh58rjf3ndllepnl7xezmuk4",
"ANGEL_PROTOCOL_ENDOWMENT_8","Teachers Like Me","Angel Protocol","https://angelprotocol.io/favicon.png","Angel Protocol","terra1u0dls462h33j3fgg4j98wpa5qculnq2u749qc5",
"ANGEL_PROTOCOL_ENDOWMENT_9","Animal Ethics","Angel Protocol","https://angelprotocol.io/favicon.png","Angel Protocol","terra1tkadaa8phaqnne20rzluhv8p57h23ku4n337ye",
"ANGEL_PROTOCOL_ENDOWMENT_10","Territorio de Zaguates","Angel Protocol","https://angelprotocol.io/favicon.png","Angel Protocol","terra1lalzy8rvkg3j2qm4a2x74lm6lxfa3llz7kdkdp",
"ANGEL_PROTOCOL_ENDOWMENT_11","Lion's Club Manitowish Waters, WI","Angel Protocol","https://angelprotocol.io/favicon.png","Angel Protocol","terra1vqe93uv8lylkw4fc8m0xr89fv5xean29ftr0q2",
"ANGEL_PROTOCOL_ENDOWMENT_12","Global Brigades","Angel Protocol","https://angelprotocol.io/favicon.png","Angel Protocol","terra12crxq8nxml96e9h38fe67c4p76pc24l54zjzzh",
"ANGEL_PROTOCOL_ENDOWMENT_13","SEED","Angel Protocol","https://angelprotocol.io/favicon.png","Angel Protocol","terra1gm0x3m87e7wqzkac5eeacxkesy470yavpwqgdm",
"ANGEL_PROTOCOL_ENDOWMENT_14","Npili Geral","Angel Protocol","https://angelprotocol.io/favicon.png","Angel Protocol","terra1qagm9wdnp6f76xy52llcjxmr4z8j4nhd9ethw8",
"ANGEL_PROTOCOL_ENDOWMENT_15","DeFi Ripple Effects (DRE)","Angel Protocol","https://angelprotocol.io/favicon.png","Angel Protocol","terra1kdd6f099dv4kr5xqp7sxcc7epledxmvyq8xnu3",
"ANGEL_PROTOCOL_ENDOWMENT_16","New Life Ministries","Angel Protocol","https://angelprotocol.io/favicon.png","Angel Protocol","terra1d5phnyr7e7l44yaathtwrh4f4mv5agajcy508f",
"ANGEL_PROTOCOL_ENDOWMENT_17","Warrior GMR Foundation","Angel Protocol","https://angelprotocol.io/favicon.png","Angel Protocol","terra16qh68y6gydhz73ndxgkzwmfcfam6jt45g8jhml",
"ANGEL_PROTOCOL_ENDOWMENT_18","ROLDA","Angel Protocol","https://angelprotocol.io/favicon.png","Angel Protocol","terra13nm3vyj6zfg2tdzsgq97ky6d6gtuty9mu025z3",
"ANGEL_PROTOCOL_ENDOWMENT_19","Solar Electric Light Fund","Angel Protocol","https://angelprotocol.io/favicon.png","Angel Protocol","terra1uwtk2hs65332emnjn8n9s8d3l692pgyqnew4dq",
"ANGEL_PROTOCOL_ENDOWMENT_20","Boston Scores","Angel Protocol","https://angelprotocol.io/favicon.png","Angel Protocol","terra1cmp87658s0c475dkyee2p8r9zsdjd628py4zav",
"TNS_CONTROLLER","Terra Name Service Controller","Terra Name Service","https://raw.githubusercontent.com/etfinder/assets/master/extra/icon/60/TNS.png","Terra Name Service, TNS","terra1jfk9saed6c4n40qwe54mcxmgs8kz4husly3jx4",
"TNS_UST_REGISTRAR","Terra Name Service UST Registrar","Terra Name Service","https://raw.githubusercontent.com/etfinder/assets/master/extra/icon/60/TNS.png","Terra Name Service, TNS","terra1fsfnnv08cgwcyfyh3p89rf44tfy4tlgnsapyda",
"TNS_UST_REGISTRY","Terra Name Service Registry","Terra Name Service","https://raw.githubusercontent.com/etfinder/assets/master/extra/icon/60/TNS.png","Terra Name Service, TNS","terra19gqw63xnt9237d2s8cdrzstn98g98y7hkl80gs",
"TNS_DEFAULT_RESOLVER","Terra Name Service Default Resolver","Terra Name Service","https://raw.githubusercontent.com/etfinder/assets/master/extra/icon/60/TNS.png","Terra Name Service, TNS","terra1uhr0lncf04nhwn5p2uaellepery0lgphl09ut8",
"TERRASWAP_ORION-UST_PAIR","ORION-UST PAIR","Terraswap","https://orion.money/assets/ORION-LOGO-2.1-GREEN@256x256.png","Orion,Terraswap,whitelist","terra1z6tp0ruxvynsx5r9mmcc2wcezz9ey9pmrw5r8g",
"TERRASWAP_ORION-UST_LP","ORION-UST LP","Terraswap","https://orion.money/assets/ORION-LOGO-2.1-GREEN@256x256.png","Orion,Terraswap","terra14ffp0waxcck733a9jfd58d86h9rac2chf5xhev",
"ORION_ORION_TOKEN","Orion Token","Orion","https://orion.money/assets/ORION-LOGO-2.1-GREEN@256x256.png","Orion","terra1mddcdx0ujx89f38gu7zspk2r2ffdl5enyz2u03",
"TERRASWAP_KUJI-UST_PAIR","KUJI-UST PAIR","Terraswap","https://assets.kujira.app/kuji.svg","Kujira,whitelist","terra1zkyrfyq7x9v5vqnnrznn3kvj35az4f6jxftrl2",
"KUJIRA_KUJI_TOKEN","Kuji Token","Kujira","https://assets.kujira.app/kuji.svg","Kujira","terra1xfsdgcemqwxp4hhnyk4rle6wr22sseq7j07dnn",
"TERRASWAP_SDOLLAR-UST_PAIR","SDOLLAR-UST PAIR","Terraswap","https://raw.githubusercontent.com/etfinder/assets/master/extra/icon/60/SDOLLAR.png","Spaceloot,whitelist","terra1fmv3g96s4xc9nrnlkdn87vxyaydd22xsxzel5r",
"SPACELOOT_SDOLLAR_TOKEN","Space Dollar Token","Spaceloot","https://raw.githubusercontent.com/etfinder/assets/master/extra/icon/60/SDOLLAR.png","Spaceloot","terra1l0y8yg0s86x299nqw0p6fhh7ngex3r4phtjeuq",
"LUNART_GENESIS_COLLECTION","LunArt - Genesis Collection (The Almond Breads)","LunArt","https://raw.githubusercontent.com/etfinder/assets/master/extra/icon/60/LUNART.png","LunArt,NFT","terra1flwpxxfl8ldxhdgzxkwet2r37c45hutapgjwkg",
"ORION_STAKING","Orion Instantiator","Orion","https://raw.githubusercontent.com/etfinder/assets/master/extra/icon/60/ORION.png","Orion","terra1w5l9ggryqy8q49pyfl9gqrfwdugynmd09xvwlk",
"PYLON_TERRAWORLD_ANCHORPOOL","Terraworld AnchorPool","Pylon","https://finder.extraterrestrial.money/images/PYL100.png","Pylon,Terraworld","terra1he8j44cv2fcntujjnsqn3ummauua555agz4js0",
"STADER_BLUE_CHIP","Stader Blue Chip","Stader","https://raw.githubusercontent.com/etfinder/assets/master/extra/icon/60/STADER.jpeg","Stader","terra1r2vv8cyt0scyxymktyfuudqs3lgtypk72w6m3m",
"ORION_STAKING","Orion Staking","Orion","https://raw.githubusercontent.com/etfinder/assets/master/extra/icon/60/ORION.png","Orion","terra135mjmscm37mp5tu5ghp00lp374fsjaqksmjfh8",
"MIRROR_SHORT_REWARD","Mirror Short Reward Contract","Mirror","https://whitelist.mirror.finance/icon/MIR.png","Mirror","terra16mlzdwqq5qs6a23250lq0fftke8v80sapc5kye",
"APOLLO_VESTING","Apollo Vesting","Apollo","https://finder.extraterrestrial.money/images/APOLLO60.png","Apollo","terra1s9r689h3795v6wzjwul35q9zcfkf8m6k0a6ule",
"TERRASHIBA_TSHIBA_TOKEN","Terra Shiba Token","TerraShiba","https://raw.githubusercontent.com/etfinder/assets/master/extra/icon/60/TSHIBA.png","TSHIBA","terra140k6k2pmh2lmy4q4wyz5znqmtgwvs3gkgfeevq",
"TERRASWAP_TSHIBA-UST_PAIR","Terraswap tSHIBA-UST Pair","Terraswap","https://raw.githubusercontent.com/etfinder/assets/master/extra/icon/60/TSHIBA.png","TSHIBA","terra1stdzf28wlq7llzfecse366r657rtdh6wtrdfk2",
"STARTERRA_LOOP_IDO_ROUND_1","Starterra Loop IDO Round 1","StarTerra","https://starterra.io/assets/100x100_starterra.png","StarTerra,Loop","terra1k9zwyjvhquklayg607ahex7egef7a3ujlhny99",
"LEVANA_METEOR_DUST","Levana Meteor Dust","Levana","https://raw.githubusercontent.com/etfinder/assets/master/extra/icon/60/LEVANA60.png","Levana","terra1p70x7jkqhf37qa7qm4v23g4u4g8ka4ktxudxa7",
"LEVANA_EGGS","Levana Eggs","Levana","https://raw.githubusercontent.com/etfinder/assets/master/extra/icon/60/LEVANA60.png","Levana","terra1k0y373yxqne22pc9g7jvnr4qclpsxtafevtrpg",
"PLAYNITY_PLY_TOKEN","PlayNity PLY Token","PlayNity","https://finder.extraterrestrial.money/images/PLAYNITY60.png","PlayNity","terra13awdgcx40tz5uygkgm79dytez3x87rpg4uhnvu",
"TERRASWAP_PLY-UST_PAIR","PLY-UST Pair","Terraswap","https://finder.extraterrestrial.money/images/PLAYNITY60.png","Terraswap,PlayNity,whitelist","terra19fjaurx28dq4wgnf9fv3qg0lwldcln3jqafzm6",
"TERRASWAP_PLY-UST_LP","PLY-UST LP","Terraswap","https://finder.extraterrestrial.money/images/PLAYNITY60.png","Terraswap,PlayNity","terra1h69kvcmg8jnq7ph2r45k6md4afkl96ugg73amc",
"ASTROPORT_ASTRO_TOKEN","Astro Token","Astroport","https://raw.githubusercontent.com/etfinder/assets/master/extra/icon/60/ASTRO60.png","Astroport","terra1xj49zyqrwpv5k928jwfpfy2ha668nwdgkwlrg3",
"ASTROPORT_LOCKDROP","Lockdrop","Astroport","https://raw.githubusercontent.com/etfinder/assets/master/extra/icon/60/ASTRO60.png","Astroport","terra1627ldjvxatt54ydd3ns6xaxtd68a2vtyu7kakj",
"WHITEWHALE_BOOTSWAP","Bootswap","White Whale","https://raw.githubusercontent.com/etfinder/assets/master/extra/icon/60/WHALE60.png","whitewhale","terra1sz988qp6vma3j0xj5w7fsskqcuc8kjn0mmtcqc",
"WHITEWHALE_WHALE_TOKEN","Whale Token","White Whale","https://raw.githubusercontent.com/etfinder/assets/master/extra/icon/60/WHALE60.png","whitewhale","terra1php5m8a6qd68z02t3zpw4jv2pj4vgw4wz0t8mz",
"TERRASWAP_WHALE-UST_LP","WHALE-UST Pair","Terraswap","https://raw.githubusercontent.com/etfinder/assets/master/extra/icon/60/WHALE60.png","Terraswap,whitewhale,whitelist","terra1v4kpj65uq63m4x0mqzntzm27ecpactt42nyp5c",

